	Started job on	Started mapping on	Finished on	Mapping speed, Million of reads per hour	Number of input reads	Average input read length	Uniquely mapped reads number	Uniquely mapped reads %	Average mapped length	Number of splices: Total	Number of splices: Annotated (sjdb)	Number of splices: GT/AG	Number of splices: GC/AG	Number of splices: AT/AC	Number of splices: Non-canonical	Mismatch rate per base, %	Deletion rate per base	Deletion average length	Insertion rate per base	Insertion average length	Number of reads mapped to multiple loci	% of reads mapped to multiple loci	Number of reads mapped to too many loci	% of reads mapped to too many loci	% of reads unmapped: too many mismatches	% of reads unmapped: too short	% of reads unmapped: other	% splices: Annotated (sjdb)	% splices: GT/AG	% splices: GC/AG	% splices: AT/AC	% splices: Non-canonical
M_M1_01	Apr 29 19:58:18	Apr 29 19:58:40	Apr 29 20:01:22	274.58	12356210.0	184.0	10684874.0	86.47	181.36	4629200.0	4559773.0	4594566.0	23888.0	5051.0	5695.0	0.37	0.01	1.57	0.01	1.43	282305.0	2.28	19107.0	0.15	0.0	11.02	0.07	98.5002376221	99.2518361704	0.516028687462	0.109111725568	0.123023416573
M_M1_02	Apr 29 17:59:28	Apr 29 18:01:21	Apr 29 18:19:15	41.62	12416854.0	184.0	11235549.0	90.49	181.7	2706035.0	2656128.0	2679768.0	20734.0	2084.0	3449.0	0.38	0.01	1.59	0.01	1.44	218038.0	1.76	15330.0	0.12	0.0	7.59	0.04	98.1557149113	99.0293178026	0.766213297315	0.077013046764	0.127455853306
M_M1_03	Apr 29 19:35:13	Apr 29 19:35:39	Apr 29 19:39:41	294.61	19804563.0	184.0	17584862.0	88.79	181.38	8496381.0	8409406.0	8422815.0	53739.0	9947.0	9880.0	0.38	0.01	1.55	0.01	1.5	496329.0	2.51	22134.0	0.11	0.0	8.55	0.04	98.9763288628	99.1341489983	0.632492822532	0.117073375123	0.116284804083
M_M1_04	Apr 29 18:30:05	Apr 29 18:30:31	Apr 29 18:32:29	263.1	8623786.0	184.0	7599917.0	88.13	181.29	4547233.0	4501975.0	4503758.0	32611.0	4811.0	6053.0	0.36	0.01	1.54	0.01	1.46	237365.0	2.75	12917.0	0.15	0.0	8.93	0.04	99.0047134158	99.0439240743	0.717161403429	0.105800604456	0.133113917849
M_M1_05	Apr 29 19:19:31	Apr 29 19:19:53	Apr 29 19:22:28	267.28	11507835.0	184.0	9726225.0	84.52	181.33	3429570.0	3371387.0	3391403.0	30907.0	4029.0	3231.0	0.37	0.01	1.55	0.01	1.42	236953.0	2.06	11731.0	0.1	0.0	13.28	0.04	98.3034899419	98.8871199596	0.901191694586	0.11747828445	0.0942100613196
M_M1_06	Apr 30 00:32:03	Apr 30 00:32:52	Apr 30 00:36:54	288.72	19408568.0	184.0	17057710.0	87.89	181.4	5525189.0	5428437.0	5468658.0	42597.0	8275.0	5659.0	0.37	0.02	1.55	0.01	1.44	393830.0	2.03	19390.0	0.1	0.0	9.94	0.04	98.2488924813	98.9768494797	0.770960052226	0.149768632349	0.102421835706
M_M1_07	Apr 29 19:56:26	Apr 29 19:56:47	Apr 29 20:00:49	310.24	20854888.0	184.0	18460526.0	88.52	181.43	6136384.0	6040579.0	6080213.0	41669.0	7149.0	7353.0	0.38	0.02	1.56	0.01	1.5	376799.0	1.81	28296.0	0.14	0.0	9.51	0.02	98.4387385144	99.0846237784	0.679048116937	0.116501835609	0.119826269021
M_M1_08	Apr 29 18:06:02	Apr 29 18:09:58	Apr 29 18:12:33	253.96	10934185.0	184.0	9530507.0	87.16	181.27	3829197.0	3772502.0	3794668.0	26814.0	3699.0	4016.0	0.35	0.01	1.53	0.01	1.46	233614.0	2.14	13966.0	0.13	0.0	10.54	0.03	98.5194023708	99.0982704729	0.700251253722	0.0965998876527	0.104878385729
M_M1_09	Apr 29 19:02:58	Apr 29 19:03:18	Apr 29 19:05:48	304.29	12678919.0	184.0	11433806.0	90.18	181.72	3719495.0	3662626.0	3681669.0	28498.0	4321.0	5007.0	0.34	0.01	1.59	0.01	1.52	251525.0	1.98	16006.0	0.13	0.0	7.67	0.04	98.4710558826	98.9830339871	0.766179279714	0.116171684597	0.134615048548
M_M1_10	Apr 29 19:21:26	Apr 29 19:22:12	Apr 29 19:25:21	256.36	13459077.0	184.0	11515420.0	85.56	181.33	4215045.0	4151545.0	4172632.0	29769.0	4640.0	8004.0	0.36	0.01	1.52	0.01	1.37	248126.0	1.84	19300.0	0.14	0.0	12.39	0.06	98.4934917658	98.9937711223	0.706255805098	0.110081861522	0.189891211126
M_M1_11	Apr 29 18:33:05	Apr 29 18:33:24	Apr 29 18:35:54	268.91	11204748.0	184.0	9460375.0	84.43	181.09	4205547.0	4148692.0	4165087.0	30273.0	4862.0	5325.0	0.38	0.01	1.55	0.01	1.38	268964.0	2.4	11775.0	0.11	0.0	13.04	0.03	98.6480950041	99.0379372766	0.719835017894	0.115609218016	0.126618487441
M_M1_12	Apr 29 19:04:48	Apr 29 19:05:09	Apr 29 19:10:40	304.1	27960636.0	184.0	24769507.0	88.59	181.39	6897525.0	6799637.0	6831003.0	52381.0	6750.0	7391.0	0.4	0.02	1.61	0.01	1.46	523481.0	1.87	39767.0	0.14	0.0	9.33	0.07	98.5808242812	99.0355671056	0.75941732723	0.0978611893397	0.107154377838
M_M2_01	Apr 29 20:00:57	Apr 29 20:01:21	Apr 29 20:04:25	277.26	14171082.0	184.0	12050141.0	85.03	181.2	5976814.0	5890094.0	5927104.0	37184.0	5962.0	6564.0	0.35	0.01	1.67	0.01	1.52	373289.0	2.63	21044.0	0.15	0.0	12.16	0.03	98.5490597499	99.1682859798	0.622137479935	0.0997521421948	0.109824398082
M_M2_02	Apr 29 18:26:01	Apr 29 18:26:38	Apr 29 18:29:59	233.39	13030681.0	184.0	11667599.0	89.54	181.29	4638492.0	4582465.0	4599143.0	30047.0	5100.0	4202.0	0.37	0.01	1.56	0.01	1.51	283548.0	2.18	25357.0	0.19	0.0	8.03	0.06	98.7921289936	99.1516855047	0.647775182107	0.1099495267	0.0905897865082
M_M2_03	Apr 29 18:43:16	Apr 29 18:43:33	Apr 29 18:46:39	284.74	14711402.0	184.0	12538484.0	85.23	181.19	3879164.0	3823943.0	3842342.0	28225.0	3379.0	5218.0	0.35	0.02	1.63	0.01	1.6	306987.0	2.09	12687.0	0.09	0.0	12.58	0.02	98.5764716315	99.0507748577	0.727605226281	0.0871063971516	0.134513518892
M_M2_04	Apr 29 19:21:30	Apr 29 19:22:00	Apr 29 19:25:37	254.47	15339182.0	184.0	12576041.0	81.99	180.84	6686480.0	6592753.0	6628771.0	40638.0	6085.0	10986.0	0.35	0.02	1.74	0.01	1.53	333104.0	2.17	12614.0	0.08	0.0	15.74	0.02	98.5982609684	99.1369300439	0.607763726206	0.0910045345234	0.164301695361
M_M2_05	Apr 29 17:56:47	Apr 29 18:03:47	Apr 29 18:06:30	277.52	12565403.0	184.0	10881713.0	86.6	180.92	5682645.0	5625061.0	5637728.0	34191.0	6518.0	4208.0	0.38	0.01	1.49	0.01	1.48	333374.0	2.65	13333.0	0.11	0.0	10.61	0.03	98.9866690599	99.2095758225	0.601674044393	0.11470010884	0.0740500242405
M_M2_06	Apr 29 19:34:19	Apr 29 19:35:11	Apr 29 19:39:14	164.43	11098815.0	184.0	9956300.0	89.71	181.57	5080034.0	5029624.0	5033985.0	33230.0	7130.0	5689.0	0.33	0.01	1.53	0.01	1.49	260602.0	2.35	13137.0	0.12	0.0	7.81	0.02	99.0076838068	99.093529689	0.654129480236	0.140353391336	0.111987439454
M_M2_07	Apr 29 19:06:15	Apr 29 19:06:36	Apr 29 19:10:14	266.59	16143373.0	184.0	14138880.0	87.58	181.08	6096531.0	6041422.0	6052765.0	35072.0	4301.0	4393.0	0.38	0.02	1.59	0.01	1.61	415980.0	2.58	24459.0	0.15	0.0	9.65	0.04	99.09605971	99.282116338	0.575277973654	0.0705483167395	0.072057371643
M_M2_08	Apr 29 18:59:58	Apr 29 19:00:18	Apr 29 19:03:59	252.57	15504820.0	184.0	12225318.0	78.85	180.19	3057404.0	2995467.0	3018798.0	30624.0	2837.0	5145.0	0.37	0.02	1.53	0.01	1.44	289280.0	1.87	26177.0	0.17	0.0	19.08	0.04	97.9741964098	98.7372947769	1.00163406602	0.0927911391494	0.16828001795
M_M2_09	Apr 29 19:28:44	Apr 29 19:29:05	Apr 29 19:32:06	287.58	14459021.0	184.0	12781060.0	88.4	181.37	3257489.0	3199572.0	3227350.0	22394.0	3144.0	4601.0	0.37	0.02	1.56	0.01	1.49	280546.0	1.94	19690.0	0.14	0.0	9.49	0.04	98.222035439	99.0747781497	0.687462029803	0.0965160588416	0.141243761683
M_M2_10	Apr 29 18:36:03	Apr 29 18:36:25	Apr 29 18:40:01	307.66	18459719.0	184.0	16620142.0	90.03	181.61	4578953.0	4502204.0	4533389.0	36109.0	4490.0	4965.0	0.36	0.01	1.57	0.01	1.5	336019.0	1.82	22115.0	0.12	0.0	7.99	0.04	98.3238744752	99.0049253618	0.788586386451	0.0980573506651	0.108430901125
M_M2_11	Apr 29 19:14:28	Apr 29 19:16:39	Apr 29 19:20:44	269.48	18339932.0	184.0	15792952.0	86.11	181.33	5398967.0	5320807.0	5336959.0	46901.0	8121.0	6986.0	0.38	0.02	1.55	0.01	1.46	364169.0	1.99	24986.0	0.14	0.0	11.72	0.05	98.5523156559	98.8514839968	0.868703216745	0.150417663231	0.129395123178
M_M2_12	Apr 29 19:20:52	Apr 29 19:21:11	Apr 29 19:24:08	294.76	14492234.0	184.0	12960960.0	89.43	181.52	3226704.0	3153958.0	3194703.0	23035.0	4762.0	4204.0	0.37	0.01	1.61	0.01	1.51	261666.0	1.81	20125.0	0.14	0.0	8.56	0.06	97.7455012917	99.0082449459	0.713886368257	0.14758093708	0.130287748737
M_M2nd_01	Apr 29 18:54:49	Apr 29 18:55:10	Apr 29 18:55:59	145.82	1984822.0	200.0	1697104.0	85.5	197.35	849382.0	838435.0	843607.0	4504.0	561.0	710.0	0.26	0.01	1.56	0.01	1.54	41037.0	2.07	2625.0	0.13	0.0	12.25	0.05	98.7111805995	99.3200939036	0.530267888889	0.0660480207963	0.0835901867475
M_M2nd_02	Apr 29 18:36:00	Apr 29 18:36:20	Apr 29 18:37:33	222.23	4506297.0	200.0	4022407.0	89.26	198.06	1591498.0	1569370.0	1578086.0	9423.0	1406.0	2583.0	0.25	0.01	1.53	0.01	1.46	86721.0	1.92	6109.0	0.14	0.0	8.66	0.01	98.6096118248	99.1572719538	0.592083684679	0.0883444402695	0.162299921206
M_M2nd_03	Apr 29 19:23:45	Apr 29 19:24:04	Apr 29 19:25:45	184.41	5173863.0	200.0	4610507.0	89.11	197.65	2018167.0	1993639.0	2006102.0	7489.0	1990.0	2586.0	0.28	0.01	1.49	0.01	1.53	100430.0	1.94	5141.0	0.1	0.0	8.84	0.01	98.7846397251	99.4021802953	0.371079301168	0.0986043275903	0.128136075954
M_M2nd_04	Apr 29 19:32:23	Apr 29 19:32:50	Apr 29 19:34:12	163.51	3724475.0	200.0	3095981.0	83.13	197.48	1731188.0	1708738.0	1717911.0	6797.0	3741.0	2739.0	0.24	0.01	1.55	0.01	1.42	63797.0	1.71	2250.0	0.06	0.0	15.08	0.02	98.7032026562	99.2330700074	0.39262055883	0.216094381431	0.158215052322
M_M2nd_05	Apr 29 19:01:51	Apr 29 19:02:10	Apr 29 19:03:36	165.86	3962253.0	200.0	3240828.0	81.79	197.67	1555260.0	1533514.0	1541109.0	13017.0	565.0	569.0	0.25	0.01	1.53	0.01	1.54	63141.0	1.59	3408.0	0.09	0.0	16.47	0.06	98.6017771948	99.0901199799	0.836966166429	0.0363283309543	0.0365855226779
M_M2nd_06	Apr 29 19:34:06	Apr 29 19:35:23	Apr 29 19:37:07	214.27	6190057.0	200.0	5617533.0	90.75	198.12	1579347.0	1550362.0	1562375.0	12891.0	1214.0	2867.0	0.25	0.01	1.55	0.01	1.48	102889.0	1.66	6862.0	0.11	0.0	7.41	0.07	98.1647478357	98.9253786533	0.816223413854	0.0768672115754	0.181530721241
M_M2nd_07	Apr 29 19:31:15	Apr 29 19:31:34	Apr 29 19:33:46	207.92	7623859.0	200.0	6960169.0	91.29	197.98	3333189.0	3294496.0	3304589.0	20737.0	4471.0	3392.0	0.25	0.01	1.61	0.01	1.53	149114.0	1.96	4461.0	0.06	0.0	6.68	0.01	98.8391597356	99.141962847	0.622136938529	0.13413580808	0.101764406399
M_M2nd_08	Apr 29 18:25:07	Apr 29 18:26:49	Apr 29 18:39:49	43.61	9449380.0	200.0	8571372.0	90.71	198.22	2856100.0	2805429.0	2833206.0	17291.0	2358.0	3245.0	0.25	0.01	1.52	0.01	1.58	136318.0	1.44	9970.0	0.11	0.0	7.7	0.04	98.2258674416	99.1984174224	0.60540597318	0.0825601344491	0.113616470012
M_M2nd_09	Apr 29 18:12:43	Apr 29 18:13:23	Apr 29 18:13:52	189.29	1524817.0	200.0	1342388.0	88.04	197.66	551123.0	542555.0	547149.0	2495.0	1001.0	478.0	0.27	0.01	1.53	0.01	1.51	30007.0	1.97	1428.0	0.09	0.0	9.87	0.03	98.4453561183	99.2789268457	0.452712008027	0.181629146307	0.0867319999347
M_M2nd_10	Apr 29 19:55:33	Apr 29 19:57:11	Apr 29 19:58:11	184.95	3082560.0	200.0	2684608.0	87.09	198.03	816877.0	801086.0	808500.0	6072.0	1565.0	740.0	0.25	0.01	1.54	0.01	1.44	59362.0	1.93	5186.0	0.17	0.0	10.76	0.05	98.0669060336	98.9745090142	0.743318761576	0.191583310584	0.0905889136308
M_M2nd_11	Apr 29 19:09:12	Apr 29 19:09:32	Apr 29 19:10:42	147.97	2877145.0	200.0	2399620.0	83.4	198.03	915340.0	906518.0	906749.0	6950.0	1000.0	641.0	0.24	0.01	1.54	0.01	1.53	61814.0	2.15	2435.0	0.08	0.0	14.35	0.02	99.036205126	99.0614416501	0.759280704438	0.109249022221	0.0700286232438
M_M2nd_12	Apr 29 18:59:53	Apr 29 19:00:12	Apr 29 19:02:46	229.29	9808381.0	200.0	8761253.0	89.32	198.12	3054256.0	3009549.0	3023414.0	22331.0	2579.0	5932.0	0.25	0.01	1.56	0.01	1.5	145520.0	1.48	5681.0	0.06	0.0	9.11	0.03	98.5362392674	98.9901959757	0.731143689331	0.0844395492716	0.194220785684
M_M2nd_13	Apr 29 19:17:59	Apr 29 19:18:35	Apr 29 19:29:27	180.28	32650913.0	200.0	26797383.0	82.07	196.7	9228358.0	9096754.0	9146014.0	61637.0	11964.0	8743.0	0.26	0.01	1.55	0.01	1.51	648653.0	1.99	42573.0	0.13	0.0	15.77	0.04	98.5739174835	99.1077069182	0.667908635534	0.129643865138	0.0947405811521
M_M2nd_14	Apr 29 18:56:54	Apr 29 18:57:13	Apr 29 18:58:31	217.15	4704991.0	200.0	4200793.0	89.28	198.12	1465314.0	1447714.0	1451342.0	10001.0	1630.0	2341.0	0.24	0.01	1.53	0.01	1.56	81554.0	1.73	5598.0	0.12	0.0	8.84	0.02	98.7988922511	99.0464842348	0.682515829372	0.111238956292	0.159760979558
M_M2nd_15	Apr 29 19:24:15	Apr 29 19:25:29	Apr 29 19:26:57	164.13	4012022.0	200.0	3556745.0	88.65	198.05	1585802.0	1569872.0	1571304.0	11699.0	1514.0	1285.0	0.25	0.01	1.59	0.01	1.55	93727.0	2.34	5911.0	0.15	0.0	8.83	0.04	98.9954609718	99.0857622831	0.737733966788	0.0954721964028	0.0810315537501
M_M2nd_16	Apr 29 19:41:38	Apr 29 19:41:56	Apr 29 19:42:54	225.22	3628470.0	200.0	3222250.0	88.8	197.5	1025192.0	1005415.0	1016031.0	7441.0	522.0	1198.0	0.27	0.02	1.61	0.01	1.67	70121.0	1.93	7013.0	0.19	0.0	9.05	0.01	98.0708979391	99.1064112869	0.725815261922	0.0509172915903	0.116856159627
M_M2nd_17	Apr 29 19:00:59	Apr 29 19:21:10	Apr 29 19:22:27	92.82	1985344.0	200.0	1735819.0	87.43	197.91	736890.0	727710.0	730862.0	4389.0	913.0	726.0	0.26	0.01	1.53	0.01	1.51	39917.0	2.01	3473.0	0.17	0.0	10.36	0.03	98.7542238326	99.1819674578	0.595611285266	0.123899089416	0.0985221674877
M_M2nd_18	Apr 29 18:53:07	Apr 29 18:53:26	Apr 29 18:54:45	201.72	4426742.0	200.0	3707078.0	83.74	197.72	1803134.0	1780426.0	1787979.0	11631.0	2199.0	1325.0	0.25	0.01	1.49	0.01	1.51	72301.0	1.63	3872.0	0.09	0.0	14.53	0.0	98.7406371351	99.1595189265	0.645043574133	0.121954330627	0.0734831687495
M_M2nd_19	Apr 29 18:54:36	Apr 29 18:55:01	Apr 29 18:55:52	205.0	2904214.0	200.0	2618463.0	90.16	197.93	1020101.0	1004915.0	1010477.0	7813.0	768.0	1043.0	0.26	0.01	1.54	0.01	1.66	55241.0	1.9	2146.0	0.07	0.0	7.83	0.03	98.5113238787	99.0565640069	0.765904552588	0.0752866627912	0.102244777723
M_M2nd_20	Apr 29 19:04:22	Apr 29 19:04:57	Apr 29 19:05:59	220.21	3792559.0	200.0	3428254.0	90.39	198.01	1127687.0	1108046.0	1116657.0	7816.0	857.0	2357.0	0.26	0.01	1.55	0.01	1.57	61689.0	1.63	2591.0	0.07	0.0	7.88	0.03	98.258293303	99.0218917129	0.693100124414	0.075996264921	0.209011897805
M_M2nd_21	Apr 29 18:53:22	Apr 29 18:54:09	Apr 29 19:04:13	191.61	32148199.0	200.0	26225136.0	81.58	196.52	9080434.0	8950263.0	8999001.0	60960.0	11826.0	8647.0	0.27	0.01	1.54	0.01	1.51	644604.0	2.01	43450.0	0.14	0.0	16.24	0.04	98.5664671975	99.1032036574	0.671333550797	0.130236065809	0.0952267259472
M_M2nd_22	Apr 29 19:17:13	Apr 29 19:17:33	Apr 29 19:19:23	178.13	5442784.0	200.0	4618710.0	84.86	197.64	2644034.0	2613400.0	2620780.0	16707.0	2742.0	3805.0	0.25	0.01	1.48	0.0	1.47	130747.0	2.4	8434.0	0.15	0.0	12.57	0.01	98.8413916009	99.1205105532	0.631875384356	0.103705171719	0.143908890733
M_M2nd_23	Apr 29 18:31:02	Apr 29 18:31:31	Apr 29 18:32:00	79.41	639655.0	200.0	480769.0	75.16	193.74	1802.0	1374.0	1721.0	60.0	8.0	13.0	0.29	0.01	1.93	0.01	1.76	11916.0	1.86	2300.0	0.36	0.0	22.31	0.3	76.2486126526	95.5049944506	3.32963374029	0.443951165372	0.721420643729
M_M2nd_24	Apr 29 18:58:40	Apr 29 18:58:59	Apr 29 18:59:42	209.75	2505393.0	200.0	2237064.0	89.29	197.85	820604.0	805706.0	812801.0	5681.0	1010.0	1112.0	0.28	0.01	1.53	0.01	1.52	40893.0	1.63	2457.0	0.1	0.0	8.91	0.07	98.1845079965	99.0491150421	0.692294943724	0.123080072727	0.135509941458
M_M2nd_25	Apr 29 17:56:55	Apr 29 17:59:52	Apr 29 18:00:44	173.22	2502120.0	200.0	2191097.0	87.57	198.06	669442.0	658719.0	662369.0	4240.0	661.0	2172.0	0.25	0.01	1.53	0.01	1.44	47140.0	1.88	1525.0	0.06	0.0	10.44	0.04	98.3982182176	98.9434484242	0.633363308547	0.0987389497522	0.324449317491
M_M2nd_26	Apr 29 19:07:58	Apr 29 19:08:17	Apr 29 19:09:06	199.28	2712458.0	200.0	2422390.0	89.31	198.17	857151.0	845501.0	849273.0	6391.0	865.0	622.0	0.26	0.01	1.59	0.01	1.61	57449.0	2.12	3900.0	0.14	0.0	8.39	0.05	98.6408462453	99.0809087314	0.745609583376	0.100915707967	0.0725659772899
M_M2nd_27	Apr 29 18:40:07	Apr 29 18:41:01	Apr 29 18:41:41	126.21	1402360.0	200.0	1073476.0	76.55	197.08	373546.0	367920.0	370020.0	2607.0	238.0	681.0	0.25	0.01	1.57	0.01	1.42	24284.0	1.73	1089.0	0.08	0.0	21.56	0.08	98.493893657	99.0560734153	0.697906014253	0.0637137059425	0.182306864483
M_M2nd_28	Apr 29 18:55:59	Apr 29 18:56:17	Apr 29 18:56:53	185.18	1851808.0	200.0	1584737.0	85.58	197.77	719884.0	709375.0	714545.0	3846.0	760.0	733.0	0.24	0.01	1.54	0.01	1.5	37000.0	2.0	1637.0	0.09	0.0	12.3	0.04	98.5401814737	99.2583527346	0.534252740719	0.105572564469	0.101821960205
M_M2nd_29	Apr 29 19:12:48	Apr 29 19:13:06	Apr 29 19:13:48	190.87	2226781.0	200.0	1996721.0	89.67	197.86	643736.0	634908.0	638288.0	3724.0	753.0	971.0	0.27	0.01	1.59	0.01	1.54	45622.0	2.05	2408.0	0.11	0.0	8.13	0.04	98.6286303702	99.1536903327	0.578498017821	0.116973417674	0.150838231822
M_M2nd_30	Apr 29 18:42:15	Apr 29 18:42:44	Apr 29 18:42:46	29.23	16239.0	200.0	13690.0	84.3	197.37	6295.0	6206.0	6242.0	51.0	2.0	0.0	0.26	0.01	1.58	0.01	1.78	308.0	1.9	23.0	0.14	0.0	13.61	0.05	98.5861795075	99.1580619539	0.810166799047	0.0317712470214	0.0
M_M2nd_31	Apr 29 19:16:39	Apr 29 19:17:49	Apr 29 19:17:52	0.79	662.0	200.0	453.0	68.43	196.01	169.0	168.0	169.0	0.0	0.0	0.0	0.26	0.02	2.0	0.01	1.67	14.0	2.11	0.0	0.0	0.0	29.46	0.0	99.4082840237	100.0	0.0	0.0	0.0
M_M2nd_32	Apr 29 18:27:51	Apr 29 18:28:10	Apr 29 18:28:24	54.57	212225.0	200.0	180332.0	84.97	197.79	121600.0	120457.0	120835.0	456.0	116.0	193.0	0.25	0.01	1.49	0.0	1.64	5447.0	2.57	148.0	0.07	0.0	12.37	0.02	99.0600328947	99.3708881579	0.375	0.0953947368421	0.158717105263
M_M3_1	Apr 29 19:04:17	Apr 29 19:04:37	Apr 29 19:28:42	211.4	84852826.0	200.0	71081663.0	83.77	196.06	32010398.0	31605389.0	31731858.0	208579.0	34505.0	35456.0	0.43	0.01	1.56	0.01	1.48	1810860.0	2.13	107701.0	0.13	0.0	13.94	0.03	98.7347579996	99.1298452459	0.65159764649	0.10779309898	0.11076400862
M_M3_10	Apr 29 19:28:49	Apr 29 19:29:16	Apr 29 19:29:17	13.5	3751.0	200.0	2808.0	74.86	195.14	1256.0	1240.0	1247.0	7.0	2.0	0.0	0.49	0.02	1.6	0.01	1.41	60.0	1.6	3.0	0.08	0.0	23.43	0.03	98.7261146497	99.2834394904	0.557324840764	0.15923566879	0.0
M_M3_11	Apr 29 19:25:45	Apr 29 19:26:15	Apr 29 19:29:09	207.76	10041760.0	200.0	8657959.0	86.22	196.21	3344770.0	3303827.0	3315273.0	22032.0	4568.0	2897.0	0.46	0.01	1.63	0.01	1.52	212777.0	2.12	16701.0	0.17	0.0	11.46	0.03	98.7759098533	99.1181157449	0.658700000299	0.136571423446	0.0866128313756
M_M3_12	Apr 29 18:51:27	Apr 29 18:51:51	Apr 29 18:56:18	176.7	13104897.0	200.0	10542601.0	80.45	195.76	3518765.0	3452641.0	3489045.0	20893.0	4621.0	4206.0	0.43	0.01	1.63	0.01	1.53	255871.0	1.95	18565.0	0.14	0.0	17.42	0.04	98.1208179574	99.1553854833	0.593759458219	0.131324484585	0.119530573937
M_M3_13	Apr 29 19:42:10	Apr 29 19:42:32	Apr 29 19:47:11	199.49	15460321.0	200.0	13176106.0	85.23	196.1	5855843.0	5769222.0	5800912.0	38843.0	7560.0	8528.0	0.43	0.01	1.54	0.01	1.43	330486.0	2.14	13556.0	0.09	0.0	12.54	0.01	98.5207765987	99.0619454791	0.66332037932	0.12910182189	0.145632319719
M_M3_14	Apr 29 19:14:23	Apr 29 19:14:42	Apr 29 19:21:22	187.51	20834143.0	200.0	16473173.0	79.07	195.54	7726296.0	7637631.0	7662092.0	50269.0	3877.0	10058.0	0.42	0.01	1.48	0.01	1.38	425753.0	2.04	25714.0	0.12	0.0	18.74	0.02	98.8524255348	99.16901967	0.650622238651	0.0501792838379	0.130178807542
M_M3_2	Apr 29 19:47:19	Apr 29 19:47:41	Apr 29 20:07:33	175.11	57982089.0	200.0	43287395.0	74.66	194.77	13501786.0	13287345.0	13395289.0	77632.0	14770.0	14095.0	0.45	0.02	1.59	0.01	1.48	964772.0	1.66	78972.0	0.14	0.0	23.51	0.04	98.4117582666	99.2112376837	0.574975784685	0.109392935127	0.104393596521
M_M3_3	Apr 29 20:00:41	Apr 29 20:03:42	Apr 29 20:10:55	214.12	25753451.0	200.0	21917998.0	85.11	195.94	9567486.0	9471188.0	9483371.0	67117.0	9668.0	7330.0	0.45	0.01	1.59	0.01	1.53	520245.0	2.02	34349.0	0.13	0.0	12.72	0.02	98.9934868993	99.1208244256	0.701511347913	0.101050579013	0.0766136475141
M_M3_4	Apr 29 19:59:10	Apr 29 20:00:54	Apr 29 20:03:33	135.81	5998270.0	200.0	4619525.0	77.01	194.1	1307221.0	1280833.0	1294390.0	9914.0	1225.0	1692.0	0.43	0.01	1.6	0.01	1.42	108896.0	1.82	9831.0	0.16	0.0	20.95	0.05	97.9813665784	99.0184521209	0.758402749038	0.093710244863	0.129434885149
M_M3_5	Apr 29 19:37:00	Apr 29 19:37:33	Apr 29 19:40:20	185.98	8627212.0	200.0	7265077.0	84.21	195.87	2083232.0	2050804.0	2061838.0	16513.0	2302.0	2579.0	0.43	0.01	1.59	0.01	1.48	149543.0	1.73	9075.0	0.11	0.0	13.91	0.04	98.443380286	98.9730380486	0.792662555107	0.110501374787	0.123798021536
M_M3_6	Apr 29 19:38:15	Apr 29 19:38:33	Apr 29 19:40:48	211.58	7934410.0	200.0	6840443.0	86.21	196.4	1922531.0	1892275.0	1903824.0	14199.0	2409.0	2099.0	0.43	0.01	1.65	0.01	1.49	144784.0	1.82	10327.0	0.13	0.0	11.79	0.04	98.4262412414	99.0269597733	0.738557661749	0.125303571178	0.109178993733
M_M3_7	Apr 29 19:06:06	Apr 29 19:06:25	Apr 29 19:14:19	212.6	27991724.0	200.0	23955784.0	85.58	196.39	6764065.0	6643266.0	6687825.0	58517.0	9139.0	8584.0	0.43	0.01	1.6	0.01	1.49	508736.0	1.82	35228.0	0.13	0.0	12.42	0.06	98.2141064582	98.8728671295	0.865115873369	0.135111061174	0.126905936002
M_M3_8	Apr 29 19:49:20	Apr 29 19:49:42	Apr 29 19:56:21	199.13	22070656.0	200.0	17564467.0	79.58	194.77	5084691.0	4992480.0	5035326.0	38125.0	5395.0	5845.0	0.43	0.02	1.6	0.01	1.48	419109.0	1.9	30375.0	0.14	0.0	18.33	0.05	98.1864974686	99.0291445439	0.74979974201	0.106102809394	0.114952904709
M_M3_9	Apr 29 18:37:50	Apr 29 18:38:09	Apr 29 18:44:25	197.64	20642016.0	200.0	16580382.0	80.32	195.17	8059535.0	7960604.0	7980040.0	59228.0	8770.0	11497.0	0.41	0.01	1.61	0.01	1.4	455968.0	2.21	22771.0	0.11	0.0	17.31	0.05	98.7724974208	99.0136527728	0.734881106664	0.108815210803	0.142650909761
M_M4_10	Apr 30 00:32:04	Apr 30 00:32:42	Apr 30 00:41:16	207.09	29567364.0	200.0	24171102.0	81.75	195.24	4541264.0	4491426.0	4506900.0	25455.0	5586.0	3323.0	0.37	0.02	1.69	0.01	1.52	417627.0	1.41	49678.0	0.17	0.0	16.63	0.04	98.902552241	99.243294378	0.560526760831	0.123005401139	0.0731734600763
M_M4_11	Apr 29 19:56:29	Apr 29 19:57:00	Apr 29 20:06:04	213.43	32251843.0	200.0	26511755.0	82.2	195.45	10868995.0	10696841.0	10770184.0	72290.0	14870.0	11651.0	0.35	0.01	1.55	0.01	1.44	622373.0	1.93	45753.0	0.14	0.0	15.66	0.06	98.4161001086	99.0908911081	0.665102891298	0.136811177114	0.10719482344
M_M4_12	Apr 29 18:39:55	Apr 29 18:40:56	Apr 29 18:50:38	194.56	31454161.0	200.0	26265774.0	83.5	195.73	4070739.0	3961836.0	4019056.0	42429.0	3230.0	6024.0	0.38	0.02	1.69	0.01	1.5	543155.0	1.73	53824.0	0.17	0.0	14.55	0.05	97.3247363685	98.7303779486	1.04229232088	0.0793467721709	0.147982958377
M_M4_13	Apr 29 19:22:53	Apr 29 19:23:21	Apr 29 19:35:06	235.94	46204745.0	200.0	40384789.0	87.4	196.44	17008610.0	16791725.0	16841547.0	133995.0	15730.0	17338.0	0.37	0.01	1.58	0.01	1.49	973813.0	2.11	52682.0	0.11	0.0	10.32	0.05	98.7248517075	99.0177739392	0.787806881338	0.092482572062	0.101936607401
M_M4_2	Apr 29 18:53:08	Apr 29 18:58:06	Apr 29 19:10:33	223.5	46376597.0	200.0	40108293.0	86.48	196.67	19036076.0	18787042.0	18863901.0	128665.0	15622.0	27888.0	0.37	0.01	1.67	0.01	1.51	1016496.0	2.19	63968.0	0.14	0.0	11.15	0.04	98.6917787048	99.095533134	0.675900852676	0.0820652323515	0.146500780938
M_M4_3	Apr 29 19:12:12	Apr 29 19:12:52	Apr 29 19:21:19	213.22	30028664.0	200.0	25144192.0	83.73	195.97	5967946.0	5848114.0	5902025.0	54212.0	4897.0	6812.0	0.37	0.02	1.67	0.01	1.52	489366.0	1.63	40814.0	0.14	0.0	14.45	0.05	97.9920729846	98.8954156087	0.908386235398	0.0820550319993	0.114143123949
M_M4_4	Apr 29 18:58:50	Apr 29 18:59:10	Apr 29 19:05:18	221.74	22666728.0	200.0	18916031.0	83.45	195.73	5990937.0	5888374.0	5931339.0	45931.0	5209.0	8458.0	0.39	0.02	1.6	0.01	1.44	427123.0	1.88	29838.0	0.13	0.0	14.51	0.03	98.2880307371	99.0051973506	0.766674728845	0.0869480016231	0.141179918934
M_M4_5	Apr 29 18:57:00	Apr 29 18:57:20	Apr 29 19:06:44	224.51	35173864.0	200.0	29715314.0	84.48	195.58	8607355.0	8443468.0	8523089.0	60946.0	12081.0	11239.0	0.38	0.02	1.63	0.01	1.46	695785.0	1.98	45883.0	0.13	0.0	13.37	0.04	98.0959656015	99.0210000633	0.708068855066	0.140356706561	0.130574375055
M_M4_6	Apr 30 00:32:05	Apr 30 00:32:33	Apr 30 00:41:04	205.02	29101263.0	200.0	22675129.0	77.92	194.52	5966220.0	5855470.0	5906081.0	45299.0	7481.0	7359.0	0.38	0.01	1.61	0.01	1.44	536062.0	1.84	40619.0	0.14	0.0	20.04	0.06	98.1437157865	98.9920083403	0.759257955623	0.125389274951	0.123344429136
M_M4_7	Apr 29 18:27:45	Apr 29 18:28:05	Apr 29 18:35:56	201.34	26342352.0	200.0	20496477.0	77.81	194.27	6223872.0	6112854.0	6159292.0	50650.0	6336.0	7594.0	0.39	0.02	1.61	0.01	1.47	443155.0	1.68	38791.0	0.15	0.0	20.32	0.04	98.2162550901	98.9623822598	0.813802083333	0.101801579467	0.12201407741
M_M4_8	Apr 29 17:59:25	Apr 29 18:00:49	Apr 29 18:17:32	148.44	41357760.0	200.0	35021992.0	84.68	196.3	6636263.0	6492306.0	6564178.0	56995.0	6651.0	8439.0	0.38	0.02	1.63	0.01	1.5	642684.0	1.55	63981.0	0.15	0.0	13.55	0.06	97.8307520362	98.9137711992	0.85884179093	0.100222067751	0.127164942077
M_M4_9	Apr 29 18:19:23	Apr 29 18:19:56	Apr 29 18:31:47	191.37	37795499.0	200.0	30339503.0	80.27	195.36	11132962.0	10961728.0	11025702.0	80458.0	13536.0	13266.0	0.39	0.02	1.58	0.01	1.46	740711.0	1.96	42275.0	0.11	0.0	17.61	0.05	98.4619187598	99.0365546923	0.722700751157	0.12158489358	0.11915966299
M_M6_1	Apr 29 18:19:16	Apr 29 18:19:49	Apr 29 18:42:16	231.22	86513873.0	200.0	75511076.0	87.28	196.26	32062187.0	31653494.0	31788391.0	208231.0	36358.0	29207.0	0.3	0.01	1.59	0.01	1.53	1775968.0	2.05	170003.0	0.2	0.0	10.41	0.06	98.7253115329	99.1460470242	0.649459751451	0.113398377971	0.0910948463996
M_M6_2	Apr 29 19:52:06	Apr 29 19:55:19	Apr 29 20:08:31	228.45	50257915.0	200.0	42486779.0	84.54	195.95	26095514.0	25824327.0	25845889.0	187955.0	29080.0	32590.0	0.27	0.01	1.57	0.01	1.46	1278802.0	2.54	72589.0	0.14	0.0	12.73	0.05	98.9607907321	99.0434179607	0.720257895667	0.111436777984	0.124887365698
M_M6_3	Apr 29 19:10:48	Apr 29 19:11:12	Apr 29 19:41:01	233.88	116224368.0	200.0	97810713.0	84.16	196.0	31753228.0	31157087.0	31428482.0	247075.0	46066.0	31605.0	0.29	0.02	1.57	0.01	1.45	2240591.0	1.93	133326.0	0.11	0.0	13.76	0.04	98.122581427	98.9772819318	0.778109866499	0.145075014106	0.099533187618
M_M6_4	Apr 29 19:27:04	Apr 29 19:27:41	Apr 29 19:53:08	218.62	92729553.0	200.0	74148638.0	79.96	195.02	29465417.0	28996973.0	29199604.0	208698.0	28823.0	28292.0	0.25	0.01	1.56	0.01	1.45	1814373.0	1.96	122602.0	0.13	0.0	17.91	0.04	98.4101904955	99.0978814249	0.708281169074	0.097819759347	0.0960176467212
M_M6_5	Apr 29 19:00:56	Apr 29 19:02:42	Apr 29 19:27:49	227.76	95343996.0	200.0	78575037.0	82.41	195.56	32199205.0	31678618.0	31908200.0	216074.0	43646.0	31285.0	0.27	0.01	1.55	0.01	1.43	1828688.0	1.92	140392.0	0.15	0.0	15.45	0.07	98.3832302692	99.0962354505	0.671053835025	0.135549930503	0.0971607839386
M_M6_6	Apr 29 19:39:49	Apr 29 19:40:20	Apr 29 20:05:29	238.58	100005689.0	200.0	84849622.0	84.84	195.76	27577547.0	27119303.0	27296588.0	212857.0	32869.0	35233.0	0.27	0.01	1.61	0.01	1.52	1894959.0	1.89	142796.0	0.14	0.0	13.07	0.05	98.3383438708	98.9812038032	0.771848924779	0.119187540502	0.127759731495
M_M6_7	Apr 29 18:48:40	Apr 29 18:49:06	Apr 29 19:16:41	233.37	107286473.0	200.0	92541411.0	86.26	196.31	24502059.0	23922103.0	24263787.0	173293.0	35475.0	29504.0	0.28	0.02	1.64	0.01	1.52	1848209.0	1.72	150059.0	0.14	0.0	11.82	0.06	97.633031575	99.0275429506	0.707258928729	0.144783750623	0.120414370074
N_CVN_01	Apr 30 18:48:00	Apr 30 18:48:55	Apr 30 18:51:08	359.03	13264316.0	100.0	11993394.0	90.42	98.76	3268349.0	3227318.0	3238887.0	22065.0	4303.0	3094.0	0.26	0.01	1.54	0.01	1.47	664227.0	5.01	43868.0	0.33	0.0	4.13	0.11	98.7445955129	99.0985662792	0.67511150125	0.131656686602	0.0946655329648
N_CVN_02	Apr 30 18:53:53	Apr 30 18:54:13	Apr 30 18:55:56	524.42	15004122.0	100.0	13506456.0	90.02	98.58	2615542.0	2573956.0	2588557.0	22355.0	2485.0	2145.0	0.27	0.02	1.6	0.01	1.49	629376.0	4.19	53262.0	0.35	0.0	5.35	0.08	98.4100427368	98.9682826733	0.854698567257	0.0950089885767	0.0820097708238
N_CVN_03	Apr 30 18:36:40	Apr 30 18:37:23	Apr 30 18:39:11	496.82	14904527.0	100.0	13326419.0	89.41	98.55	2920847.0	2877122.0	2891745.0	23996.0	2924.0	2182.0	0.27	0.02	1.53	0.01	1.44	599743.0	4.02	39788.0	0.27	0.0	6.21	0.08	98.5030027249	99.0036451755	0.821542518317	0.10010794814	0.0747043580167
N_CVN_04	Apr 30 18:51:26	Apr 30 18:51:56	Apr 30 18:53:39	489.82	14014311.0	100.0	12835412.0	91.59	98.8	2589974.0	2554879.0	2566310.0	19348.0	2145.0	2171.0	0.26	0.02	1.59	0.01	1.43	514798.0	3.67	35868.0	0.26	0.0	4.38	0.1	98.6449670923	99.0863228743	0.747034526215	0.0828193642098	0.0838232352912
N_CVN_05	Apr 30 18:31:42	Apr 30 19:45:26	Apr 30 19:48:48	276.52	15515787.0	100.0	14241871.0	91.79	98.89	2542162.0	2502407.0	2517696.0	20583.0	2216.0	1667.0	0.26	0.02	1.59	0.01	1.51	603980.0	3.89	49394.0	0.32	0.0	3.88	0.12	98.4361736191	99.037590838	0.809665159026	0.0871698971191	0.0655741058202
N_CVN_06	Apr 30 18:35:44	Apr 30 18:36:47	Apr 30 18:38:31	523.7	15129199.0	100.0	13768697.0	91.01	98.86	2907260.0	2867622.0	2878178.0	24204.0	3367.0	1511.0	0.26	0.02	1.57	0.01	1.46	679884.0	4.49	50385.0	0.33	0.0	4.06	0.11	98.6365856511	98.9996766715	0.832536477646	0.115813515131	0.0519733357182
N_CVN_07	Apr 30 18:33:47	Apr 30 18:34:32	Apr 30 18:36:46	519.49	19336392.0	100.0	17650146.0	91.28	98.82	4119372.0	4067996.0	4084281.0	26897.0	3626.0	4568.0	0.26	0.01	1.52	0.01	1.45	794610.0	4.11	50555.0	0.26	0.0	4.25	0.1	98.7528196045	99.1481468535	0.652939331529	0.0880231258551	0.110890689163
N_CVN_08	Apr 30 18:51:37	Apr 30 18:51:57	Apr 30 18:53:47	543.01	16592106.0	100.0	15073143.0	90.85	98.72	3456223.0	3407196.0	3420148.0	29709.0	3808.0	2558.0	0.26	0.02	1.57	0.01	1.47	698249.0	4.21	49018.0	0.3	0.0	4.55	0.1	98.5814862062	98.9562305442	0.859579951872	0.110178075894	0.074011428082
N_CVN_09	Apr 30 18:28:56	Apr 30 18:30:25	Apr 30 18:31:56	515.5	13030786.0	100.0	11780841.0	90.41	98.62	3056703.0	3022433.0	3031005.0	20930.0	2270.0	2498.0	0.25	0.02	1.55	0.01	1.47	627527.0	4.82	33955.0	0.26	0.0	4.47	0.05	98.8788573833	99.1592902549	0.684724685388	0.0742630213011	0.0817220384185
N_CVN_10	Apr 30 18:28:23	Apr 30 18:30:18	Apr 30 18:31:21	62.34	1090974.0	100.0	881501.0	80.8	96.15	126676.0	124839.0	125472.0	893.0	189.0	122.0	0.28	0.02	1.52	0.01	1.43	37083.0	3.4	3864.0	0.35	0.0	15.38	0.07	98.5498436957	99.0495437178	0.704948056459	0.149199532666	0.0963086930437
N_CVN_11	Apr 30 18:31:29	Apr 30 18:32:25	Apr 30 18:35:37	308.88	16473750.0	100.0	15016089.0	91.15	98.81	3004357.0	2959037.0	2978119.0	21147.0	2238.0	2853.0	0.25	0.02	1.53	0.01	1.43	615310.0	3.74	45584.0	0.28	0.0	4.74	0.1	98.4915241431	99.1266683686	0.703877734903	0.0744918130568	0.0949620834009
N_CVN_12	Apr 30 18:45:27	Apr 30 18:46:08	Apr 30 18:48:47	386.08	17051783.0	100.0	15185688.0	89.06	98.55	3436099.0	3388504.0	3402097.0	26782.0	5303.0	1917.0	0.28	0.01	1.58	0.01	1.53	687048.0	4.03	62140.0	0.36	0.0	6.36	0.19	98.6148536465	99.0104476035	0.779430394759	0.154331991017	0.0557900107069
N_CVN_13	Apr 30 18:49:26	Apr 30 18:49:45	Apr 30 18:51:31	502.02	14781847.0	100.0	13512221.0	91.41	98.76	2789195.0	2752779.0	2760812.0	23609.0	2172.0	2602.0	0.27	0.02	1.56	0.01	1.49	546202.0	3.7	56679.0	0.38	0.0	4.34	0.17	98.6943903169	98.9823945619	0.846444941999	0.0778719307901	0.0932885653387
N_CVN_14	Apr 30 18:36:09	Apr 30 18:37:00	Apr 30 18:39:34	456.53	19529464.0	100.0	16920426.0	86.64	98.34	5185342.0	5112052.0	5139042.0	36353.0	5096.0	4851.0	0.27	0.01	1.45	0.01	1.48	1099391.0	5.63	70886.0	0.36	0.0	7.28	0.08	98.5865927455	99.1070984325	0.701072368997	0.0982770278219	0.0935521707151
N_CVN_15	Apr 30 18:47:14	Apr 30 18:47:33	Apr 30 18:49:19	495.16	14579576.0	100.0	12878594.0	88.33	98.29	3274270.0	3236152.0	3244904.0	22734.0	4037.0	2595.0	0.27	0.01	1.59	0.01	1.46	697594.0	4.78	56437.0	0.39	0.0	6.36	0.13	98.8358321091	99.1031283309	0.694322703992	0.123294658046	0.0792543070669
N_CVN_16	Apr 30 18:31:23	Apr 30 18:32:00	Apr 30 18:36:33	185.41	14060409.0	100.0	12103920.0	86.09	98.47	4021735.0	3979827.0	3979314.0	33521.0	4409.0	4491.0	0.26	0.01	1.56	0.01	1.37	809506.0	5.76	40273.0	0.29	0.0	7.82	0.05	98.957962173	98.9452064843	0.833495991158	0.109629301781	0.111668222794
N_CVN_17	Apr 30 18:30:42	Apr 30 18:31:17	Apr 30 18:33:40	471.32	18722070.0	100.0	16976270.0	90.68	98.75	5563964.0	5510177.0	5519154.0	36452.0	5407.0	2951.0	0.25	0.01	1.51	0.01	1.49	1011005.0	5.4	51952.0	0.28	0.0	3.59	0.06	99.0332971241	99.1946389301	0.655144425809	0.0971789177644	0.0530377263404
N_CVN_18	Apr 30 18:41:50	Apr 30 18:42:12	Apr 30 18:43:25	524.78	10641448.0	100.0	9725162.0	91.39	98.98	2045532.0	2020477.0	2025350.0	15960.0	2202.0	2020.0	0.25	0.02	1.56	0.01	1.43	436769.0	4.1	30105.0	0.28	0.0	4.12	0.11	98.7751352704	99.0133618051	0.780237121688	0.107649257015	0.0987518161535
N_CVN_19	Apr 30 18:38:37	Apr 30 18:40:00	Apr 30 18:47:51	97.21	12718098.0	100.0	11618198.0	91.35	98.96	2372109.0	2342275.0	2349260.0	18940.0	2368.0	1541.0	0.25	0.02	1.55	0.01	1.48	540483.0	4.25	39736.0	0.31	0.0	3.96	0.12	98.7423006278	99.0367643308	0.798445602626	0.0998267786177	0.0649632879433
N_CVN_20	Apr 30 18:51:59	Apr 30 18:52:51	Apr 30 18:55:13	293.84	11590416.0	100.0	10073676.0	86.91	98.64	2163846.0	2134083.0	2141145.0	15825.0	2386.0	4490.0	0.25	0.02	1.58	0.01	1.38	482058.0	4.16	47188.0	0.41	0.0	8.33	0.19	98.6245324298	98.9508957661	0.731336703259	0.110266627107	0.207500903484
N_CVN_21	Apr 30 18:39:43	Apr 30 18:40:06	Apr 30 18:41:43	506.99	13660673.0	100.0	12552551.0	91.89	99.02	2675792.0	2644498.0	2648231.0	22508.0	2823.0	2230.0	0.25	0.02	1.56	0.01	1.44	554659.0	4.06	39631.0	0.29	0.0	3.62	0.14	98.8304771073	98.9699872038	0.841171511089	0.105501473956	0.0833398111662
N_CVN_22	Apr 30 18:54:15	Apr 30 18:55:03	Apr 30 18:56:59	359.92	11597466.0	100.0	10618408.0	91.56	99.04	2298922.0	2268931.0	2277429.0	17413.0	2004.0	2076.0	0.24	0.01	1.59	0.01	1.43	485313.0	4.18	39292.0	0.34	0.0	3.75	0.17	98.6954320329	99.0650835479	0.757441966278	0.087171291588	0.0903031942798
N_CVN_23	Apr 30 18:48:51	Apr 30 18:49:27	Apr 30 18:51:19	359.26	11176828.0	100.0	10253527.0	91.74	99.08	1953558.0	1927950.0	1934458.0	15833.0	2044.0	1223.0	0.25	0.02	1.58	0.01	1.47	449561.0	4.02	33498.0	0.3	0.0	3.81	0.13	98.6891610078	99.0222967529	0.81046992206	0.104629604035	0.0626037210055
N_CVN_24	Apr 30 18:51:16	Apr 30 18:52:12	Apr 30 18:54:05	388.76	12202771.0	100.0	11195224.0	91.74	99.02	1983326.0	1948361.0	1961673.0	17658.0	2278.0	1717.0	0.26	0.02	1.58	0.01	1.46	467768.0	3.83	42789.0	0.35	0.0	3.91	0.16	98.2370523051	98.9082480641	0.89032261968	0.114857567541	0.0865717486687
N_CVN_25	Apr 30 18:28:24	Apr 30 18:30:03	Apr 30 18:31:16	526.88	10683956.0	100.0	9675927.0	90.57	98.88	2442425.0	2412515.0	2419324.0	19922.0	1601.0	1578.0	0.25	0.01	1.55	0.01	1.45	511575.0	4.79	32036.0	0.3	0.0	4.26	0.09	98.7753974022	99.0541777127	0.815664759409	0.0655496074598	0.064607920407
N_CVN_26	Apr 30 18:27:51	Apr 30 18:29:16	Apr 30 18:30:36	536.5	11922141.0	100.0	10840002.0	90.92	98.88	2403764.0	2373778.0	2379271.0	19722.0	3128.0	1643.0	0.26	0.01	1.57	0.01	1.54	544013.0	4.56	32054.0	0.27	0.0	4.16	0.09	98.7525397668	98.9810563766	0.820463240152	0.130129247297	0.0683511359684
N_CVN_27	Apr 30 18:41:46	Apr 30 18:42:22	Apr 30 18:43:50	430.67	10527447.0	100.0	9602002.0	91.21	99.02	2278735.0	2251624.0	2257319.0	17355.0	1806.0	2255.0	0.25	0.01	1.56	0.01	1.44	486799.0	4.62	36633.0	0.35	0.0	3.72	0.1	98.8102609562	99.0601803193	0.761606768668	0.0792544986582	0.0989584133302
N_CVN_28	Apr 30 18:46:33	Apr 30 18:47:15	Apr 30 18:48:44	471.36	11653154.0	100.0	10694006.0	91.77	99.03	1815168.0	1791419.0	1797956.0	13874.0	1441.0	1897.0	0.26	0.02	1.55	0.01	1.47	407783.0	3.5	39058.0	0.34	0.0	4.29	0.11	98.6916362563	99.051768211	0.764336964953	0.0793865912136	0.104508232847
N_CVN_29	Apr 30 18:39:16	Apr 30 18:40:03	Apr 30 18:41:39	460.35	12275871.0	100.0	11350587.0	92.46	99.09	2111312.0	2083230.0	2089660.0	17404.0	2721.0	1527.0	0.26	0.02	1.57	0.01	1.48	476931.0	3.89	36545.0	0.3	0.0	3.25	0.1	98.669926567	98.974476534	0.824321559296	0.12887721	0.0723246966815
N_CVN_30	Apr 30 18:36:51	Apr 30 18:38:16	Apr 30 18:45:21	121.06	14291222.0	100.0	13197254.0	92.35	99.0	2582751.0	2544675.0	2558915.0	18977.0	2959.0	1900.0	0.25	0.02	1.56	0.01	1.46	552516.0	3.87	39998.0	0.28	0.0	3.37	0.14	98.5257579999	99.0771080913	0.734759177327	0.114567761275	0.0735649700649
N_CVN_31	Apr 30 18:43:57	Apr 30 18:44:28	Apr 30 18:46:27	513.48	16973336.0	100.0	15546936.0	91.6	99.0	2907605.0	2865064.0	2878172.0	23560.0	2742.0	3131.0	0.25	0.02	1.57	0.01	1.43	584223.0	3.44	47444.0	0.28	0.0	4.57	0.11	98.5369058039	98.9877235732	0.810288880367	0.094304418929	0.107683127522
N_CVN_32	Apr 30 18:32:03	Apr 30 18:32:58	Apr 30 18:36:03	386.14	19843132.0	100.0	18238723.0	91.91	99.05	4305778.0	4253868.0	4264788.0	33193.0	4507.0	3290.0	0.24	0.02	1.57	0.01	1.49	807917.0	4.07	61970.0	0.31	0.0	3.59	0.11	98.7944106733	99.048023377	0.770894365664	0.104673301782	0.0764089555941
N_CVN_33	Apr 30 18:48:53	Apr 30 18:49:39	Apr 30 18:51:52	445.94	16475025.0	100.0	14954435.0	90.77	98.88	3516430.0	3475702.0	3481149.0	29112.0	2747.0	3422.0	0.24	0.02	1.55	0.01	1.41	695403.0	4.22	51088.0	0.31	0.0	4.61	0.09	98.8417798733	98.9966812932	0.827885099376	0.0781190013736	0.0973146060067
N_CVN_34	Apr 30 18:53:46	Apr 30 18:54:32	Apr 30 18:56:04	274.6	7017558.0	100.0	6434310.0	91.69	98.97	1458633.0	1442130.0	1443692.0	11488.0	2039.0	1414.0	0.25	0.02	1.57	0.01	1.48	287177.0	4.09	20684.0	0.29	0.0	3.84	0.08	98.8685982012	98.9756847679	0.787586733606	0.139788418334	0.0969400801984
N_CVN_35	Apr 30 18:43:30	Apr 30 18:44:03	Apr 30 18:47:07	454.19	23214193.0	100.0	20950986.0	90.25	98.92	7786991.0	7716850.0	7726400.0	49044.0	6804.0	4743.0	0.25	0.01	1.52	0.01	1.51	1402038.0	6.04	60439.0	0.26	0.0	3.41	0.04	99.0992541278	99.2218945675	0.629819656912	0.0873764975457	0.060909278051
N_N4_10	Apr 29 19:22:36	Apr 29 19:22:59	Apr 29 19:38:59	158.97	42391436.0	200.0	28869844.0	68.1	192.74	12388276.0	12237541.0	12287618.0	83478.0	8694.0	8486.0	0.44	0.01	1.55	0.01	1.45	883637.0	2.08	70878.0	0.17	0.0	29.59	0.05	98.7832447388	99.187473705	0.67384678869	0.070179256581	0.0685002497523
N_N4_11	Apr 30 00:32:07	Apr 30 00:33:13	Apr 30 00:52:44	120.42	39170267.0	200.0	27161909.0	69.34	194.57	10780820.0	10650688.0	10684325.0	72209.0	12260.0	12026.0	0.43	0.01	1.48	0.01	1.47	798635.0	2.04	71845.0	0.18	0.0	28.42	0.02	98.7929304079	99.1049382143	0.669791351678	0.113720477663	0.111549956311
N_N4_12	Apr 29 18:38:32	Apr 29 18:38:51	Apr 29 18:54:39	154.27	40623240.0	200.0	28345453.0	69.78	194.44	11784326.0	11673970.0	11668718.0	95208.0	9774.0	10626.0	0.44	0.01	1.54	0.01	1.46	925622.0	2.28	69099.0	0.17	0.0	27.71	0.06	99.0635357508	99.0189680767	0.807920622698	0.0829406790002	0.0901706215527
N_N4_13	Apr 29 19:32:22	Apr 29 19:33:27	Apr 29 19:52:54	165.36	53603751.0	200.0	38350202.0	71.54	193.58	16518805.0	16324532.0	16389626.0	99299.0	12365.0	17515.0	0.45	0.01	1.58	0.01	1.49	1335106.0	2.49	73664.0	0.14	0.0	25.79	0.04	98.8239282442	99.2179882261	0.601127018571	0.0748540829679	0.106030672316
N_N4_14	Apr 29 19:37:40	Apr 29 19:37:59	Apr 29 19:54:30	162.52	44737173.0	200.0	30337827.0	67.81	193.22	9797586.0	9655472.0	9722751.0	61301.0	7777.0	5757.0	0.44	0.01	1.65	0.01	1.46	776981.0	1.74	83012.0	0.19	0.0	30.22	0.05	98.5494998462	99.2361894042	0.625674528399	0.0793766954431	0.0587593719514
N_N4_3	Apr 29 18:33:15	Apr 29 18:33:35	Apr 29 18:43:00	178.87	28072349.0	200.0	21620956.0	77.02	195.34	11074283.0	10934100.0	10993125.0	60225.0	9456.0	11477.0	0.44	0.01	1.49	0.01	1.5	676207.0	2.41	50326.0	0.18	0.0	20.35	0.04	98.7341573265	99.2671489432	0.543827532672	0.0853870178322	0.103636506309
N_N4_4	Apr 29 18:29:23	Apr 29 18:30:13	Apr 29 18:42:30	197.86	40506723.0	200.0	32504981.0	80.25	195.46	8211122.0	8069900.0	8131091.0	63632.0	8700.0	7699.0	0.45	0.02	1.64	0.01	1.47	682332.0	1.68	74215.0	0.18	0.0	17.83	0.06	98.2801132415	99.0253341748	0.774948904669	0.105953851374	0.093763069164
N_N4_5	Apr 29 19:37:38	Apr 29 19:37:57	Apr 29 19:50:03	171.58	34601111.0	200.0	25762866.0	74.46	195.31	16870864.0	16727340.0	16741499.0	100872.0	16779.0	11714.0	0.44	0.01	1.53	0.01	1.52	928394.0	2.68	43024.0	0.12	0.0	22.72	0.02	99.1492788988	99.2332046539	0.59790654468	0.0994554872827	0.0694333141444
N_N4_6	Apr 29 19:40:30	Apr 29 19:41:05	Apr 29 19:55:45	148.81	36376914.0	200.0	25903068.0	71.21	194.31	12418007.0	12316901.0	12318228.0	79854.0	11611.0	8314.0	0.44	0.01	1.55	0.01	1.39	832698.0	2.29	49479.0	0.14	0.0	26.36	0.01	99.1858113786	99.1964974734	0.643050048208	0.093501316274	0.0669511621309
N_N4_7	Apr 29 19:25:51	Apr 29 19:26:10	Apr 29 19:37:30	174.69	32997276.0	200.0	24680632.0	74.8	194.76	9904614.0	9790480.0	9805702.0	78047.0	9565.0	11300.0	0.45	0.01	1.61	0.01	1.46	751444.0	2.28	49546.0	0.15	0.0	22.73	0.04	98.8476683695	99.0013543183	0.787986285988	0.0965711536058	0.114088242106
N_N4_8	Apr 29 19:10:21	Apr 29 19:10:50	Apr 29 19:36:52	153.75	66708698.0	200.0	44024275.0	65.99	193.19	22743365.0	22539078.0	22539900.0	157686.0	26903.0	18876.0	0.45	0.01	1.56	0.01	1.44	1872129.0	2.81	126480.0	0.19	0.0	30.98	0.03	99.1017731985	99.1053874394	0.693327482543	0.118289443976	0.0829956341113
N_N4_9	Apr 29 18:39:53	Apr 29 18:40:23	Apr 29 18:46:54	177.32	19258415.0	200.0	14905240.0	77.4	195.12	5754161.0	5684419.0	5702994.0	36962.0	6764.0	7441.0	0.43	0.01	1.57	0.01	1.47	383520.0	1.99	30173.0	0.16	0.0	20.41	0.04	98.7879727383	99.1107826145	0.642352551484	0.1175497175	0.129315116487
N_N5_1	Apr 29 19:04:21	Apr 29 19:05:16	Apr 29 19:51:59	155.23	120867141.0	200.0	82024736.0	67.86	194.24	35460586.0	35031536.0	35155776.0	238803.0	31998.0	34009.0	0.41	0.01	1.57	0.01	1.46	2768054.0	2.29	216379.0	0.18	0.0	29.63	0.04	98.7900651162	99.1404259366	0.6734321875	0.0902353954331	0.0959064805077
N_N5_10	Apr 29 19:50:16	Apr 29 19:53:05	Apr 29 20:00:32	189.96	23586859.0	200.0	19210408.0	81.45	196.04	7673652.0	7580343.0	7607839.0	50942.0	7627.0	7244.0	0.41	0.01	1.56	0.01	1.49	593602.0	2.52	40404.0	0.17	0.0	15.81	0.06	98.7840339906	99.1423509953	0.66385601015	0.0993920495743	0.0944009449477
N_N5_11	Apr 29 18:42:32	Apr 29 18:43:01	Apr 29 18:54:28	91.87	17531053.0	200.0	7864694.0	44.86	191.46	1954014.0	1911159.0	1930982.0	16262.0	3657.0	3113.0	0.42	0.02	1.59	0.01	1.47	276517.0	1.58	35134.0	0.2	0.0	53.33	0.03	97.8068222643	98.8212981074	0.83223559299	0.187153213846	0.159313085781
N_N5_12	Apr 29 18:19:17	Apr 29 18:20:19	Apr 29 18:25:53	155.86	14460035.0	200.0	10917891.0	75.5	194.75	4254488.0	4202865.0	4217305.0	29902.0	3412.0	3869.0	0.4	0.02	1.57	0.01	1.41	312986.0	2.16	22216.0	0.15	0.0	22.13	0.05	98.7866225031	99.1260287959	0.702834277591	0.0801976642078	0.0909392622567
N_N5_13	Apr 29 18:26:30	Apr 29 18:28:28	Apr 29 18:47:37	102.04	32566606.0	200.0	21658141.0	66.5	193.58	10482350.0	10354167.0	10393206.0	68265.0	7500.0	13379.0	0.42	0.01	1.54	0.01	1.48	795161.0	2.44	51877.0	0.16	0.0	30.86	0.04	98.7771539779	99.1495800083	0.651237556464	0.0715488416243	0.127633593612
N_N5_14	Apr 29 18:08:51	Apr 29 18:09:30	Apr 29 18:19:06	123.02	19683697.0	200.0	12000801.0	60.97	192.72	7130389.0	7060293.0	7074250.0	44803.0	6782.0	4554.0	0.42	0.01	1.63	0.0	1.47	507656.0	2.58	40061.0	0.2	0.0	36.21	0.04	99.0169400295	99.2126797009	0.628338790492	0.0951140253358	0.0638674832467
N_N5_2	Apr 29 18:12:28	Apr 29 18:14:13	Apr 29 18:23:05	173.71	25670273.0	200.0	19641651.0	76.52	195.71	8853130.0	8755214.0	8780852.0	60713.0	4777.0	6788.0	0.41	0.01	1.53	0.01	1.51	570241.0	2.22	48555.0	0.19	0.0	21.03	0.04	98.8939956829	99.1835881773	0.685780057449	0.0539583175668	0.0766734476959
N_N5_3	Apr 29 19:00:06	Apr 29 19:00:24	Apr 29 19:07:51	149.2	18526281.0	200.0	12493076.0	67.43	193.93	7408415.0	7302530.0	7346395.0	48354.0	7989.0	5677.0	0.44	0.01	1.6	0.01	1.44	472357.0	2.55	27807.0	0.15	0.0	29.84	0.03	98.5707469142	99.1628438742	0.652690217813	0.107836831495	0.0766290765299
N_N5_4	Apr 29 19:03:43	Apr 29 19:04:04	Apr 29 19:12:03	174.91	23273166.0	200.0	17722383.0	76.15	195.09	6854874.0	6775133.0	6787898.0	53079.0	7081.0	6816.0	0.44	0.02	1.56	0.01	1.53	535133.0	2.3	40720.0	0.17	0.0	21.34	0.04	98.8367255182	99.0229433831	0.774324954769	0.103298762311	0.0994328998607
N_N5_5	Apr 29 18:35:42	Apr 29 18:36:18	Apr 29 18:42:23	177.42	17988440.0	200.0	13851069.0	77.0	195.3	5409171.0	5342219.0	5360236.0	38588.0	4949.0	5398.0	0.41	0.01	1.53	0.01	1.49	383359.0	2.13	25499.0	0.14	0.0	20.7	0.02	98.7622502598	99.0953327229	0.713381033804	0.0914927629391	0.0997934803688
N_N5_6	Apr 29 19:48:01	Apr 29 19:48:22	Apr 29 19:56:40	188.73	26107185.0	200.0	20364307.0	78.0	195.13	8651330.0	8536806.0	8568446.0	66123.0	8445.0	8316.0	0.42	0.01	1.55	0.01	1.58	607965.0	2.33	39715.0	0.15	0.0	19.49	0.03	98.6762266611	99.0419507752	0.764310227445	0.0976150487844	0.0961239485721
N_N5_7	Apr 29 19:36:32	Apr 29 19:36:59	Apr 29 19:41:31	158.32	11962084.0	200.0	8556814.0	71.53	194.29	4239197.0	4178920.0	4203143.0	27496.0	3230.0	5328.0	0.41	0.01	1.51	0.01	1.48	300605.0	2.51	23126.0	0.19	0.0	25.74	0.03	98.5781033531	99.1495087395	0.64861340485	0.0761936753588	0.125684180282
N_N5_8	Apr 29 20:01:32	Apr 29 20:01:56	Apr 29 20:07:15	143.47	12713024.0	200.0	8399309.0	66.07	194.08	3094535.0	3053455.0	3071055.0	17098.0	2764.0	3618.0	0.41	0.02	1.55	0.01	1.41	251629.0	1.98	25193.0	0.2	0.0	31.72	0.04	98.6724984529	99.2412430301	0.552522430672	0.0893187506362	0.11691578864
N_N5_9	Apr 29 19:29:16	Apr 29 19:29:41	Apr 29 19:42:03	115.65	23837138.0	200.0	12330708.0	51.73	191.4	8003947.0	7923599.0	7942347.0	45878.0	6829.0	8893.0	0.44	0.02	1.58	0.01	1.48	593312.0	2.49	52120.0	0.22	0.0	45.53	0.04	98.9961452768	99.2303797114	0.573192201298	0.0853204050452	0.111107682247
P_M2nd_33	Apr 29 18:54:52	Apr 29 18:55:11	Apr 29 18:56:48	138.76	3738853.0	200.0	2854448.0	76.35	194.54	1481862.0	1459751.0	1470756.0	9548.0	998.0	560.0	0.53	0.01	1.54	0.01	1.62	139828.0	3.74	13720.0	0.37	0.0	19.52	0.03	98.5078907483	99.2505374994	0.644324505251	0.0673477017428	0.0377902935631
P_M2nd_34	Apr 29 18:23:01	Apr 29 18:23:45	Apr 29 18:28:43	134.98	11173015.0	200.0	8433468.0	75.48	194.09	4701998.0	4629900.0	4666001.0	30136.0	3744.0	2117.0	0.45	0.01	1.55	0.01	1.57	401779.0	3.6	49445.0	0.44	0.0	20.46	0.03	98.4666518361	99.2344318309	0.640919030591	0.0796257250641	0.045023413451
P_P1_01	Apr 29 19:23:28	Apr 29 19:24:03	Apr 29 19:27:42	274.16	16678136.0	184.0	14543300.0	87.2	181.17	7927554.0	7833803.0	7860854.0	54703.0	5897.0	6100.0	0.37	0.01	1.48	0.01	1.48	546022.0	3.27	22885.0	0.14	0.0	9.35	0.04	98.817403199	99.1586307706	0.690036296189	0.0743861221254	0.0769468110845
P_P1_02	Apr 29 19:44:10	Apr 29 19:45:32	Apr 29 19:50:09	241.45	18578369.0	184.0	16056470.0	86.43	180.96	9775012.0	9657510.0	9690433.0	67193.0	8468.0	8918.0	0.34	0.01	1.52	0.01	1.52	629781.0	3.39	39979.0	0.22	0.0	9.9	0.07	98.7979349795	99.1347427502	0.687395575576	0.0866290496625	0.0912326245738
P_P1_03	Apr 29 19:44:05	Apr 29 19:44:25	Apr 29 19:47:53	293.58	16962345.0	184.0	15152060.0	89.33	181.41	8652162.0	8556131.0	8576856.0	58876.0	9688.0	6742.0	0.35	0.01	1.51	0.01	1.52	532417.0	3.14	19639.0	0.12	0.0	7.38	0.03	98.8900924416	99.1296279473	0.680477318848	0.111972013469	0.0779227203559
P_P1_04	Apr 29 19:41:10	Apr 29 19:41:53	Apr 29 19:44:52	279.68	13906124.0	184.0	12306980.0	88.5	181.32	7426396.0	7343608.0	7364787.0	48248.0	6009.0	7352.0	0.36	0.01	1.46	0.01	1.56	449104.0	3.23	22192.0	0.16	0.0	8.06	0.05	98.8852196947	99.1704051333	0.649682564733	0.0809140799925	0.0989982220178
P_P1_05	Apr 29 18:51:51	Apr 29 18:52:11	Apr 29 18:54:41	276.58	11524087.0	184.0	10176979.0	88.31	181.22	6566997.0	6494582.0	6513991.0	40728.0	7067.0	5211.0	0.35	0.01	1.51	0.01	1.48	370339.0	3.21	15819.0	0.14	0.0	8.32	0.02	98.8972889739	99.1928426342	0.620192151755	0.107613875871	0.0793513382144
P_P1_06	Apr 29 18:47:01	Apr 29 18:48:00	Apr 29 18:53:15	235.94	20644937.0	184.0	18302925.0	88.66	181.32	12107425.0	11979686.0	12006847.0	79844.0	11592.0	9142.0	0.33	0.01	1.48	0.01	1.53	729476.0	3.53	26394.0	0.13	0.0	7.65	0.03	98.9449532002	99.1692866154	0.659463098058	0.0957429015666	0.0755073849311
P_P1_07	Apr 29 19:48:11	Apr 29 19:48:54	Apr 29 19:52:13	270.91	14975560.0	184.0	13071459.0	87.29	181.14	8256884.0	8168696.0	8186256.0	55098.0	9121.0	6409.0	0.35	0.01	1.57	0.01	1.48	455005.0	3.04	17670.0	0.12	0.0	9.53	0.03	98.9319457558	99.1446167828	0.667297736047	0.110465400749	0.0776200804081
P_P1_08	Apr 29 19:10:48	Apr 29 19:11:07	Apr 29 19:12:24	236.19	5051936.0	184.0	4472361.0	88.53	181.41	2323049.0	2288375.0	2302554.0	15914.0	2210.0	2371.0	0.37	0.01	1.55	0.01	1.5	146928.0	2.91	6018.0	0.12	0.0	8.42	0.02	98.5073926551	99.1177542962	0.685047969285	0.0951335938243	0.102064140705
P_P1_09	Apr 29 18:01:27	Apr 29 18:04:18	Apr 29 18:12:20	87.78	11752555.0	184.0	10274105.0	87.42	181.07	6231560.0	6149258.0	6183037.0	39056.0	4884.0	4583.0	0.34	0.01	1.54	0.01	1.52	368863.0	3.14	16468.0	0.14	0.0	9.28	0.02	98.6792713221	99.2213346257	0.626745148887	0.0783752383031	0.07354498713
P_P1_10	Apr 29 19:18:56	Apr 29 19:19:17	Apr 29 19:23:20	297.17	20059305.0	184.0	17766337.0	88.57	181.48	9561168.0	9434083.0	9472762.0	71206.0	8594.0	8606.0	0.38	0.01	1.56	0.01	1.48	588543.0	2.93	25016.0	0.12	0.0	8.34	0.04	98.6708213892	99.0753640141	0.744741646627	0.0898844157952	0.0900099234738
P_P1_11	Apr 29 19:33:53	Apr 29 19:34:12	Apr 29 19:38:07	296.02	19323204.0	184.0	17221982.0	89.13	181.42	8531770.0	8409133.0	8460128.0	57862.0	7136.0	6644.0	0.35	0.01	1.54	0.01	1.54	552238.0	2.86	22001.0	0.11	0.0	7.86	0.04	98.5625843172	99.1602914753	0.678194559863	0.0836403231686	0.0778736416945
P_P1_12	Apr 29 18:00:02	Apr 29 18:02:16	Apr 29 18:27:02	25.17	10390777.0	184.0	9144339.0	88.0	181.44	5470989.0	5397316.0	5424017.0	37215.0	4301.0	5456.0	0.33	0.01	1.52	0.01	1.57	329944.0	3.18	14511.0	0.14	0.0	8.65	0.03	98.6533878975	99.1414349398	0.680224361628	0.0786146709489	0.0997260275976
P_P2_01	Apr 29 19:20:29	Apr 29 19:21:23	Apr 29 19:24:07	265.08	12075684.0	184.0	10722464.0	88.79	181.17	5886272.0	5806090.0	5837857.0	37237.0	4660.0	6518.0	0.37	0.01	1.54	0.01	1.5	378971.0	3.14	16746.0	0.14	0.0	7.89	0.04	98.6378135431	99.1774929871	0.632607531558	0.0791672556076	0.110732225762
P_P2_02	Apr 29 18:27:09	Apr 29 18:31:48	Apr 29 18:37:41	129.85	12732091.0	184.0	11029384.0	86.63	181.16	5808784.0	5743153.0	5758549.0	39410.0	5556.0	5269.0	0.36	0.01	1.52	0.01	1.48	382939.0	3.01	22593.0	0.18	0.0	10.15	0.04	98.8701421847	99.1351890516	0.678455249842	0.0956482458291	0.090707452713
P_P2_03	Apr 29 18:44:33	Apr 29 18:45:07	Apr 29 18:47:21	296.92	11052157.0	184.0	9842175.0	89.05	181.29	5184016.0	5123875.0	5139225.0	34895.0	5174.0	4722.0	0.35	0.01	1.54	0.01	1.51	321804.0	2.91	15567.0	0.14	0.0	7.86	0.04	98.8398762658	99.135978747	0.673126780473	0.0998067907198	0.0910876818281
P_P2_04	Apr 29 18:56:25	Apr 29 18:56:44	Apr 29 19:00:51	288.46	19791296.0	184.0	17256647.0	87.19	181.46	9003646.0	8875493.0	8926479.0	61026.0	6705.0	9436.0	0.36	0.01	1.52	0.01	1.48	595723.0	3.01	23769.0	0.12	0.0	9.65	0.03	98.5766543909	99.142936095	0.677792085562	0.0744698314438	0.104801987995
P_P2_05	Apr 29 18:42:24	Apr 29 18:43:05	Apr 29 18:46:44	185.9	11308750.0	184.0	9419406.0	83.29	181.0	5821440.0	5725876.0	5772856.0	36697.0	6013.0	5874.0	0.34	0.01	1.52	0.01	1.57	368670.0	3.26	19028.0	0.17	0.0	13.25	0.03	98.3584130387	99.1654298593	0.630376676561	0.103290594767	0.100902869393
P_P2_06	Apr 29 18:56:30	Apr 29 18:57:01	Apr 29 18:59:51	230.88	10902881.0	184.0	8314388.0	76.26	180.89	4711222.0	4653396.0	4676018.0	31054.0	2237.0	1913.0	0.34	0.01	1.47	0.01	1.37	346740.0	3.18	26709.0	0.24	0.0	20.28	0.04	98.7725902112	99.2527628713	0.659149579451	0.0474823729385	0.0406051763216
P_P2_07	Apr 29 19:43:00	Apr 29 19:43:20	Apr 29 19:46:04	275.75	12561766.0	184.0	10698756.0	85.17	181.15	4559935.0	4494757.0	4522633.0	30600.0	3304.0	3398.0	0.36	0.01	1.54	0.01	1.46	320904.0	2.55	19315.0	0.15	0.0	12.09	0.03	98.5706375201	99.1819620236	0.671062197159	0.0724571731834	0.0745186060766
P_P2_08	Apr 29 18:14:14	Apr 29 18:16:18	Apr 29 18:18:09	262.09	8081057.0	184.0	7179520.0	88.84	181.37	3404280.0	3358067.0	3373020.0	25202.0	2888.0	3170.0	0.33	0.01	1.51	0.01	1.49	234808.0	2.91	12789.0	0.16	0.0	8.04	0.05	98.6425029669	99.0817441574	0.7403033828	0.0848343849507	0.093118074894
P_P2_09	Apr 29 19:27:57	Apr 29 19:29:16	Apr 29 19:31:52	263.71	11427478.0	184.0	9667555.0	84.6	180.86	5549319.0	5494779.0	5500583.0	40529.0	4456.0	3751.0	0.34	0.01	1.51	0.01	1.51	354540.0	3.1	17181.0	0.15	0.0	12.11	0.03	99.0171767022	99.1217661122	0.730341867173	0.0802981410872	0.0675938795373
P_P2_10	Apr 29 19:50:10	Apr 29 19:50:30	Apr 29 19:56:20	292.2	28407953.0	184.0	24743077.0	87.1	181.3	12679310.0	12513540.0	12574911.0	80607.0	12281.0	11511.0	0.37	0.01	1.54	0.01	1.49	821733.0	2.89	42364.0	0.15	0.0	9.82	0.04	98.6925944708	99.1766192324	0.635736487238	0.0968585829986	0.090785697329
P_P2_11	Apr 29 19:40:55	Apr 29 19:41:16	Apr 29 19:43:57	270.6	12101675.0	184.0	10437285.0	86.25	181.16	4752340.0	4689927.0	4713043.0	31774.0	4249.0	3274.0	0.35	0.01	1.54	0.01	1.51	338562.0	2.8	17871.0	0.15	0.0	10.77	0.04	98.6866890837	99.1731020929	0.668596943821	0.089408586086	0.0688923772289
P_P2_12	Apr 29 19:16:19	Apr 29 19:17:24	Apr 29 19:20:21	265.08	13032981.0	184.0	11515017.0	88.35	181.46	6562307.0	6474759.0	6502089.0	46485.0	6278.0	7455.0	0.35	0.01	1.51	0.01	1.47	403400.0	3.1	15953.0	0.12	0.0	8.38	0.04	98.6658960027	99.0823653938	0.708363689782	0.0956675754426	0.11360334102
P_P2_13	Apr 29 19:54:37	Apr 29 19:55:11	Apr 29 19:59:03	290.77	18738260.0	184.0	16746270.0	89.37	181.36	10184248.0	10067589.0	10094587.0	70658.0	9156.0	9847.0	0.36	0.01	1.54	0.01	1.52	615503.0	3.28	22441.0	0.12	0.0	7.19	0.03	98.854515326	99.1196109914	0.693796930318	0.0899035451611	0.0966885331151
P_P2_14	Apr 29 19:22:16	Apr 29 20:17:19	Apr 29 20:20:46	299.87	17242536.0	184.0	14962745.0	86.78	181.29	7524900.0	7411622.0	7462142.0	49745.0	5829.0	7184.0	0.35	0.01	1.48	0.01	1.49	474969.0	2.75	23462.0	0.14	0.0	10.27	0.06	98.4946245133	99.1659955614	0.661071907932	0.0774628234262	0.0954697072386
P_P3_01	Apr 29 18:17:43	Apr 29 18:18:16	Apr 29 18:29:15	302.05	55292145.0	184.0	48784704.0	88.23	181.28	27480234.0	27179815.0	27250030.0	178253.0	29228.0	22723.0	0.36	0.01	1.52	0.01	1.51	1678276.0	3.04	83273.0	0.15	0.0	8.54	0.04	98.906781507	99.1622924317	0.648658959745	0.106360084124	0.0826885244136
P_P3_02	Apr 29 19:14:25	Apr 29 19:14:44	Apr 29 19:26:47	294.79	59203495.0	184.0	51805632.0	87.5	181.3	30141471.0	29619140.0	29894807.0	200918.0	19579.0	26167.0	0.34	0.01	1.53	0.01	1.55	1974090.0	3.33	86782.0	0.15	0.0	8.96	0.05	98.267068651	99.1816457797	0.666583259988	0.0649570155352	0.0868139448138
P_P3_03	Apr 29 17:56:56	Apr 29 17:58:54	Apr 29 18:12:22	298.86	67078458.0	184.0	59319193.0	88.43	181.28	32701509.0	32292101.0	32415209.0	237011.0	23769.0	25520.0	0.37	0.01	1.54	0.01	1.53	1902870.0	2.84	88054.0	0.13	0.0	8.56	0.04	98.7480455413	99.1245052331	0.724770835499	0.0726847192281	0.0780392121966
P_P4_11	Apr 30 00:32:10	Apr 30 00:32:28	Apr 30 00:42:37	216.65	36650627.0	200.0	30957534.0	84.47	195.81	20061942.0	19786105.0	19890096.0	135421.0	17508.0	18917.0	0.43	0.01	1.54	0.01	1.55	1068703.0	2.92	46354.0	0.13	0.0	12.47	0.02	98.6250732855	99.1434229049	0.675014412862	0.0872697169596	0.0942929652573
P_P4_12	Apr 29 19:25:31	Apr 29 19:26:15	Apr 29 19:37:33	193.14	36374966.0	200.0	29141207.0	80.11	194.72	15580865.0	15352524.0	15449356.0	108365.0	12456.0	10688.0	0.4	0.01	1.52	0.01	1.5	1084757.0	2.98	60240.0	0.17	0.0	16.71	0.03	98.534478028	99.155958286	0.695500538641	0.0799442136236	0.068596961722
P_P4_13	Apr 29 19:53:01	Apr 29 19:54:08	Apr 29 20:05:16	208.12	38618415.0	200.0	31235852.0	80.88	194.74	19557673.0	19305634.0	19390368.0	134388.0	16795.0	16122.0	0.42	0.01	1.57	0.01	1.55	1236893.0	3.2	71320.0	0.18	0.0	15.69	0.04	98.7113037425	99.1445556943	0.687136961539	0.0858742244029	0.0824331197275
P_P4_14	Apr 29 18:50:32	Apr 29 18:50:51	Apr 29 19:16:30	206.53	88290972.0	200.0	70548019.0	79.9	194.26	40353850.0	39891303.0	40021059.0	257594.0	41154.0	34043.0	0.43	0.01	1.54	0.01	1.51	2654009.0	3.01	133761.0	0.15	0.0	16.91	0.03	98.8537723166	99.1753178445	0.638338101569	0.101982834352	0.0843612195615
P_P4_2	Apr 29 19:05:55	Apr 29 19:06:16	Apr 29 19:06:23	26.55	51630.0	200.0	36940.0	71.55	193.06	19326.0	19054.0	19175.0	135.0	14.0	2.0	0.44	0.01	1.55	0.01	1.54	1513.0	2.93	106.0	0.21	0.0	25.3	0.02	98.5925695954	99.2186691504	0.69854082583	0.0724412708269	0.0103487529753
P_P4_3	Apr 29 19:07:04	Apr 29 19:07:24	Apr 29 19:18:45	199.35	37709491.0	200.0	29873933.0	79.22	194.25	18681755.0	18459669.0	18524963.0	125375.0	15841.0	15576.0	0.42	0.01	1.53	0.01	1.54	1222552.0	3.24	65176.0	0.17	0.0	17.34	0.03	98.811214471	99.1607212492	0.67110932565	0.0847939607387	0.0833754644572
P_P4_4	Apr 29 18:18:44	Apr 29 18:19:03	Apr 29 18:27:37	206.25	29447704.0	200.0	24469256.0	83.09	195.7	16493798.0	16297672.0	16350488.0	114253.0	13854.0	15203.0	0.42	0.01	1.53	0.01	1.56	908525.0	3.09	46831.0	0.16	0.0	13.63	0.03	98.8109106223	99.1311279549	0.69270279653	0.0839952083808	0.0921740402059
P_P4_5	Apr 29 18:41:49	Apr 29 18:42:15	Apr 29 18:56:23	198.79	46826499.0	200.0	37874132.0	80.88	195.02	20366956.0	20125607.0	20184659.0	140365.0	25581.0	16351.0	0.43	0.01	1.56	0.01	1.47	1312072.0	2.8	79707.0	0.17	0.0	16.12	0.03	98.8149971945	99.104937429	0.689180062057	0.125600507017	0.0802820018858
P_P4_6	Apr 29 19:37:14	Apr 29 19:38:25	Apr 29 19:48:04	196.96	31678387.0	200.0	25641603.0	80.94	194.96	14017184.0	13823274.0	13899575.0	89694.0	16088.0	11827.0	0.43	0.01	1.56	0.01	1.53	845774.0	2.67	46597.0	0.15	0.0	16.21	0.03	98.6166265635	99.1609655691	0.639886014195	0.114773409552	0.0843750071341
P_P4_7	Apr 29 18:13:54	Apr 29 18:15:06	Apr 29 18:38:25	88.45	34374197.0	200.0	27833125.0	80.97	195.36	13567113.0	13402204.0	13444117.0	97063.0	13704.0	12229.0	0.42	0.01	1.58	0.01	1.49	808207.0	2.35	59739.0	0.17	0.0	16.47	0.03	98.7844945347	99.093425403	0.71542855138	0.101008961892	0.0901370836964
P_P4_8	Apr 29 19:56:48	Apr 29 19:57:10	Apr 29 20:04:55	203.17	26242371.0	200.0	21376511.0	81.46	195.28	12307742.0	12138505.0	12198324.0	85767.0	12180.0	11471.0	0.42	0.01	1.57	0.01	1.55	735983.0	2.8	39533.0	0.15	0.0	15.55	0.03	98.6249549267	99.1109823394	0.696854061452	0.0989621004405	0.0932014986989
P_P4_9	Apr 29 18:47:54	Apr 29 18:48:17	Apr 29 18:58:11	205.83	33962272.0	200.0	29125538.0	85.76	196.07	16427232.0	16228370.0	16285077.0	110425.0	16776.0	14954.0	0.43	0.01	1.55	0.01	1.53	891432.0	2.62	50671.0	0.15	0.0	11.42	0.05	98.7894369544	99.1346381423	0.67220697924	0.10212310875	0.0910317696858
P_P7_1	Apr 29 18:08:00	Apr 29 18:09:47	Apr 29 18:27:44	200.54	59996074.0	200.0	52265666.0	87.12	196.45	32674621.0	32245747.0	32388847.0	228333.0	27303.0	30138.0	0.31	0.01	1.57	0.01	1.54	1728112.0	2.88	90324.0	0.15	0.0	9.81	0.04	98.6874400165	99.1253945991	0.69880841158	0.0835602653203	0.0922367240312
P_P7_10	Apr 29 19:24:10	Apr 29 19:24:30	Apr 29 19:28:38	213.37	14698703.0	200.0	13019102.0	88.57	196.7	9522172.0	9410985.0	9440006.0	65308.0	7577.0	9281.0	0.31	0.01	1.56	0.01	1.6	464771.0	3.16	22245.0	0.15	0.0	8.06	0.05	98.8323357318	99.1371086345	0.68585192538	0.0795721816409	0.0974672585204
P_P7_11	Apr 29 19:52:19	Apr 29 19:52:43	Apr 29 19:57:25	221.14	17322464.0	200.0	14516738.0	83.8	195.86	7997741.0	7892597.0	7924563.0	58353.0	7457.0	7368.0	0.32	0.01	1.59	0.01	1.47	474880.0	2.74	26797.0	0.15	0.0	13.26	0.04	98.6853287697	99.0850166316	0.729618526031	0.0932388283141	0.0921260140832
P_P7_12	Apr 29 18:59:50	Apr 29 19:00:09	Apr 29 19:04:10	229.51	15364685.0	200.0	13650641.0	88.84	196.85	8657376.0	8534577.0	8583185.0	57818.0	6947.0	9426.0	0.31	0.01	1.54	0.01	1.54	429210.0	2.79	21578.0	0.14	0.0	8.18	0.04	98.5815679023	99.1430313296	0.667846700894	0.0802437135686	0.108878255952
P_P7_3	Apr 29 19:44:59	Apr 29 19:45:21	Apr 29 19:49:12	198.62	12744634.0	200.0	10141010.0	79.57	194.97	6162735.0	6091038.0	6106752.0	44187.0	6592.0	5204.0	0.28	0.01	1.56	0.01	1.48	367022.0	2.88	20486.0	0.16	0.0	17.34	0.04	98.8366042025	99.0915883938	0.717003083858	0.106965495028	0.0844430273247
P_P7_4	Apr 29 18:46:12	Apr 29 18:46:31	Apr 29 18:48:25	200.56	6351138.0	200.0	5362183.0	84.43	195.82	3637082.0	3594214.0	3605396.0	25170.0	3029.0	3487.0	0.3	0.01	1.55	0.01	1.5	194756.0	3.07	9366.0	0.15	0.0	12.33	0.03	98.8213628398	99.1288071042	0.692038287836	0.083281047829	0.0958735601782
P_P7_5	Apr 29 19:18:43	Apr 29 19:19:04	Apr 29 19:23:30	218.59	16151598.0	200.0	13695775.0	84.8	195.95	8307893.0	8205944.0	8235279.0	56992.0	7191.0	8431.0	0.3	0.01	1.53	0.01	1.51	475597.0	2.94	26767.0	0.17	0.0	12.05	0.04	98.7728657555	99.125963707	0.685998242876	0.0865562423589	0.101481807722
P_P7_6	Apr 29 17:59:11	Apr 29 18:02:58	Apr 29 18:08:44	197.68	18999166.0	200.0	16645277.0	87.61	196.76	9595066.0	9470119.0	9505102.0	70087.0	10060.0	9817.0	0.3	0.01	1.57	0.01	1.49	518372.0	2.73	29755.0	0.16	0.0	9.47	0.04	98.6977994732	99.0623931091	0.730448336676	0.104845552912	0.102313001286
P_P7_7	Apr 29 18:46:53	Apr 29 18:48:02	Apr 29 18:52:55	169.85	13824308.0	200.0	11563522.0	83.65	195.37	7556586.0	7467622.0	7494740.0	48391.0	6065.0	7390.0	0.29	0.01	1.48	0.01	1.57	435740.0	3.15	25452.0	0.18	0.0	12.96	0.05	98.8226958576	99.1815616206	0.640381780873	0.0802611126241	0.0977954859509
P_P7_9	Apr 29 19:55:54	Apr 29 20:01:58	Apr 29 20:10:35	202.32	29055086.0	200.0	25112630.0	86.43	196.39	17576429.0	17346829.0	17439898.0	104553.0	14475.0	17503.0	0.3	0.01	1.56	0.0	1.57	895051.0	3.08	41252.0	0.14	0.0	10.31	0.04	98.6937050751	99.2232153642	0.59484779303	0.0823546125325	0.0995822302699
P_P8_1	Apr 29 18:08:00	Apr 29 18:10:07	Apr 29 18:34:29	217.16	88191262.0	200.0	76607260.0	86.86	196.41	48674461.0	47977803.0	48250593.0	338007.0	43212.0	42649.0	0.31	0.01	1.57	0.01	1.52	2561250.0	2.9	116692.0	0.13	0.0	10.07	0.03	98.5687401859	99.1291778249	0.694423714317	0.0887775624264	0.0876208983598
P_P8_10	Apr 29 20:12:26	Apr 29 20:14:08	Apr 29 20:22:17	234.43	31843815.0	200.0	28083403.0	88.19	196.57	19892725.0	19615588.0	19722345.0	134099.0	16866.0	19415.0	0.3	0.01	1.53	0.01	1.56	960936.0	3.02	38243.0	0.12	0.0	8.65	0.03	98.6068424512	99.1435059802	0.674110761598	0.0847847642794	0.0975984939218
P_P8_11	Apr 29 19:40:27	Apr 29 19:40:59	Apr 29 19:48:39	226.95	28999427.0	200.0	25262757.0	87.11	196.48	16633918.0	16408033.0	16483876.0	120142.0	14781.0	15119.0	0.32	0.01	1.58	0.01	1.49	859613.0	2.96	38628.0	0.13	0.0	9.75	0.04	98.6420216812	99.0979755942	0.722271205136	0.088860603978	0.0908925966811
P_P8_12	Apr 29 19:36:02	Apr 29 19:36:24	Apr 29 19:36:24	inf	20.0	200.0	19.0	95.0	198.47	13.0	12.0	13.0	0.0	0.0	0.0	0.24	0.03	1.0	0.0	0.0	0.0	0.0	0.0	0.0	0.0	5.0	0.0	92.3076923077	100.0	0.0	0.0	0.0
P_P8_2	Apr 29 19:08:24	Apr 29 19:08:43	Apr 29 19:16:24	231.58	29655344.0	200.0	26130462.0	88.11	196.31	20286313.0	20053313.0	20107297.0	143325.0	16551.0	19140.0	0.29	0.01	1.53	0.01	1.6	969177.0	3.27	39862.0	0.13	0.0	8.45	0.03	98.8514423493	99.1175528052	0.70651083812	0.0815870286533	0.094349328042
P_P8_3	Apr 29 18:49:44	Apr 29 18:50:24	Apr 29 18:50:24	inf	11.0	200.0	7.0	63.64	196.86	2.0	2.0	2.0	0.0	0.0	0.0	0.58	0.0	0.0	0.0	0.0	0.0	0.0	0.0	0.0	0.0	36.36	0.0	100.0	100.0	0.0	0.0	0.0
P_P8_4	Apr 29 19:48:47	Apr 29 19:49:16	Apr 29 19:49:18	0.05	30.0	200.0	3.0	10.0	200.0	5.0	5.0	5.0	0.0	0.0	0.0	0.0	0.0	0.0	0.0	0.0	0.0	0.0	0.0	0.0	0.0	90.0	0.0	100.0	100.0	0.0	0.0	0.0
P_P8_5	Apr 29 19:27:52	Apr 29 19:28:18	Apr 29 19:35:55	239.63	30419467.0	200.0	27316247.0	89.8	196.99	16038594.0	15830215.0	15889391.0	116653.0	16786.0	15764.0	0.31	0.01	1.58	0.01	1.54	764792.0	2.51	45826.0	0.15	0.0	7.49	0.04	98.7007651668	99.0697251891	0.72732684673	0.104660046884	0.0982879172576
P_P8_6	Apr 29 19:57:35	Apr 29 19:58:06	Apr 29 20:07:32	230.6	36254794.0	200.0	32211379.0	88.85	196.78	23475228.0	23179132.0	23277692.0	161112.0	16747.0	19677.0	0.32	0.01	1.55	0.0	1.58	1036880.0	2.86	46611.0	0.13	0.0	8.13	0.03	98.7386874368	99.1585342643	0.686306433318	0.0713390302322	0.0838202721609
P_P8_7	Apr 29 18:42:37	Apr 29 18:42:57	Apr 29 18:42:57	inf	28.0	200.0	20.0	71.43	199.65	7.0	7.0	7.0	0.0	0.0	0.0	0.35	0.1	4.0	0.0	0.0	1.0	3.57	0.0	0.0	0.0	25.0	0.0	100.0	100.0	0.0	0.0	0.0
P_P8_8	Apr 29 19:39:20	Apr 29 19:40:23	Apr 29 19:40:24	0.0	0.0	0.0	0.0	0.0	0.0	0.0	0.0	0.0	0.0	0.0	0.0		0.0	0.0	0.0	0.0	0.0	0.0	0.0	0.0	0.0	0.0	0.0					
P_P8_9	Apr 29 19:32:53	Apr 29 19:33:54	Apr 29 19:34:01	0.01	22.0	200.0	8.0	36.36	198.5	9.0	9.0	8.0	1.0	0.0	0.0	0.0	0.0	0.0	0.0	0.0	0.0	0.0	0.0	0.0	0.0	63.64	0.0	100.0	88.8888888889	11.1111111111	0.0	0.0
P_P9_1	Apr 29 18:29:32	Apr 29 18:29:53	Apr 29 19:04:12	212.77	121692210.0	200.0	101788871.0	83.64	195.62	57241072.0	56528250.0	56766262.0	389266.0	44080.0	41464.0	0.36	0.01	1.5	0.01	1.49	3719178.0	3.06	186950.0	0.15	0.0	13.11	0.04	98.7547018686	99.1705081973	0.680046662998	0.0770076423446	0.0724374973271
P_P9_2	Apr 29 19:24:15	Apr 29 19:24:39	Apr 29 19:55:23	203.53	104250208.0	200.0	85985927.0	82.48	195.86	49601769.0	48892841.0	49150956.0	356687.0	48723.0	45403.0	0.34	0.01	1.55	0.01	1.58	3115070.0	2.99	187740.0	0.18	0.0	14.29	0.07	98.5707606517	99.0911352375	0.719101369147	0.0982283514929	0.0915350418248
P_P9_3	Apr 29 17:56:57	Apr 29 17:59:28	Apr 29 18:39:46	110.65	74320002.0	200.0	61913442.0	83.31	195.3	45577802.0	45067863.0	45215169.0	280602.0	46711.0	35320.0	0.33	0.01	1.52	0.01	1.48	2306181.0	3.1	100326.0	0.13	0.0	13.43	0.02	98.8811680739	99.2043648792	0.615654962914	0.102486293657	0.077493864228
P_P9_4	Apr 29 19:46:13	Apr 29 19:46:32	Apr 29 20:19:59	211.46	117888759.0	200.0	93875007.0	79.63	194.82	44157697.0	43558979.0	43795180.0	293082.0	40794.0	28641.0	0.34	0.01	1.58	0.01	1.5	3064922.0	2.6	192438.0	0.16	0.0	17.58	0.03	98.6441367175	99.1790400663	0.663716678884	0.0923825352577	0.0648607195253
S_MSA_01	Apr 29 18:49:10	Apr 29 18:49:42	Apr 29 18:51:43	196.2	6594550.0	200.0	5936205.0	90.02	197.73	2977302.0	2903119.0	2946532.0	24415.0	2330.0	4025.0	0.27	0.01	1.56	0.01	1.55	118387.0	1.8	6427.0	0.1	0.0	8.05	0.04	97.5083817497	98.9665139781	0.820037738866	0.0782587725397	0.135189510503
S_MSA_02	Apr 29 18:32:48	Apr 29 18:33:08	Apr 29 18:35:33	188.42	7589140.0	200.0	6663486.0	87.8	197.7	2799720.0	2738886.0	2773536.0	19310.0	2734.0	4140.0	0.28	0.01	1.63	0.01	1.57	145511.0	1.92	3003.0	0.04	0.0	10.22	0.02	97.8271398568	99.0647636192	0.689711828326	0.0976526224051	0.14787193005
S_MSA_03	Apr 29 18:39:08	Apr 29 18:40:47	Apr 29 18:42:07	156.3	3473348.0	200.0	2892798.0	83.29	197.58	1319618.0	1284354.0	1305964.0	10777.0	1515.0	1362.0	0.27	0.02	1.83	0.01	1.7	77783.0	2.24	5432.0	0.16	0.0	14.23	0.09	97.3277115044	98.9653066266	0.816675734948	0.114805951419	0.103211687019
S_MSA_04	Apr 29 19:26:54	Apr 29 19:27:14	Apr 29 19:29:17	149.37	5103567.0	200.0	4555448.0	89.26	197.25	2456588.0	2388151.0	2433366.0	15831.0	2794.0	4597.0	0.3	0.01	1.63	0.01	1.56	124962.0	2.45	5868.0	0.11	0.0	8.14	0.03	97.2141441707	99.0547051439	0.644430405098	0.113734985272	0.187129465747
S_MSA_05	Apr 29 19:04:08	Apr 29 19:04:33	Apr 29 19:06:09	196.75	5246777.0	200.0	4686681.0	89.32	197.41	2552774.0	2499716.0	2524784.0	23129.0	2403.0	2458.0	0.29	0.02	1.61	0.01	1.59	101738.0	1.94	6043.0	0.12	0.0	8.55	0.07	97.9215551396	98.9035457114	0.90603398499	0.0941328922968	0.0962874112632
S_MSA_06	Apr 29 18:51:15	Apr 29 18:51:35	Apr 29 18:52:57	221.0	5033835.0	200.0	4545436.0	90.3	197.73	2011044.0	1961138.0	1990205.0	16144.0	2530.0	2165.0	0.27	0.01	1.61	0.01	1.54	102960.0	2.05	4173.0	0.08	0.0	7.53	0.04	97.5184033766	98.9637720507	0.802767119964	0.125805303116	0.107655526184
S_MSA_07	Apr 29 18:58:38	Apr 29 18:58:59	Apr 29 19:00:43	204.19	5898918.0	200.0	5292878.0	89.73	197.78	2547474.0	2484731.0	2521750.0	19252.0	2475.0	3997.0	0.27	0.01	1.6	0.01	1.64	107593.0	1.82	2922.0	0.05	0.0	8.38	0.02	97.5370504272	98.9902154055	0.755729008422	0.097155064193	0.15690052185
S_MSA_08	Apr 30 00:32:06	Apr 30 00:33:30	Apr 30 00:35:57	203.78	8320942.0	200.0	7197770.0	86.5	196.66	1752615.0	1678763.0	1729492.0	16805.0	3177.0	3141.0	0.32	0.03	2.57	0.01	1.59	138061.0	1.66	9800.0	0.12	0.0	11.6	0.12	95.7861823618	98.6806571894	0.958852914074	0.181271985005	0.179217911521
S_MSA_09	Apr 29 18:56:06	Apr 29 18:56:25	Apr 29 18:58:02	211.62	5701984.0	200.0	5186395.0	90.96	197.71	1490257.0	1443265.0	1476085.0	11419.0	942.0	1811.0	0.31	0.01	1.63	0.01	1.58	100477.0	1.76	4440.0	0.08	0.0	7.15	0.05	96.8467183848	99.049023088	0.766243674749	0.0632105737467	0.121522663541
S_MSA_10	Apr 29 18:06:45	Apr 29 18:22:12	Apr 29 18:24:56	106.19	4837418.0	200.0	4189358.0	86.6	197.78	1212289.0	1171811.0	1198327.0	10645.0	1555.0	1762.0	0.28	0.01	1.58	0.01	1.53	86672.0	1.79	6031.0	0.12	0.0	11.4	0.08	96.6610271973	98.8482944248	0.87809095026	0.128269744261	0.145344880635
S_MSA_11	Apr 29 19:39:07	Apr 29 19:42:18	Apr 29 19:44:03	191.16	5575369.0	200.0	5058711.0	90.73	197.92	1574926.0	1522883.0	1558779.0	12238.0	1393.0	2516.0	0.29	0.01	1.66	0.01	1.52	99803.0	1.79	5141.0	0.09	0.0	7.32	0.07	96.6955272819	98.9747454801	0.777052382144	0.0884486001247	0.159753537627
S_MSA_12	Apr 29 19:00:50	Apr 29 19:01:09	Apr 29 19:02:49	201.71	5603160.0	200.0	5065644.0	90.41	197.72	1659906.0	1614286.0	1642909.0	13196.0	1052.0	2749.0	0.29	0.02	2.05	0.01	1.64	91263.0	1.63	4038.0	0.07	0.0	7.82	0.07	97.2516515995	98.9760263533	0.794984776246	0.0633770827987	0.165611787655
S_MSA_13	Apr 29 18:43:04	Apr 29 18:43:33	Apr 29 18:46:28	216.2	10509611.0	200.0	9407272.0	89.51	197.83	4736975.0	4620283.0	4684914.0	40174.0	6038.0	5849.0	0.26	0.01	1.59	0.01	1.6	238246.0	2.27	9474.0	0.09	0.0	8.09	0.04	97.5365713351	98.9009652785	0.84809398403	0.127465312779	0.123475424717
S_MSA_14	Apr 29 19:06:52	Apr 29 19:07:11	Apr 29 19:09:46	215.84	9293299.0	200.0	8353946.0	89.89	197.68	3378713.0	3288977.0	3347011.0	23054.0	5483.0	3165.0	0.28	0.01	1.58	0.01	1.5	170549.0	1.84	8915.0	0.1	0.0	8.11	0.07	97.3440774638	99.0617137354	0.682330816497	0.162280726419	0.0936747217062
S_MSA_15	Apr 29 19:02:53	Apr 29 19:03:14	Apr 29 19:04:41	212.65	5139003.0	200.0	4583916.0	89.2	197.92	1454531.0	1410653.0	1440292.0	11904.0	1035.0	1300.0	0.27	0.01	1.66	0.01	1.54	80560.0	1.57	3543.0	0.07	0.0	9.12	0.04	96.9833575221	99.0210590218	0.818408132931	0.0711569571223	0.0893758881729
S_MSA_16	Apr 29 19:09:54	Apr 29 19:10:17	Apr 29 19:12:13	222.58	7172165.0	200.0	6547690.0	91.29	197.69	2101605.0	2043257.0	2077193.0	19862.0	2029.0	2521.0	0.31	0.01	1.64	0.01	1.55	132637.0	1.85	6876.0	0.1	0.0	6.7	0.06	97.2236457374	98.8384115949	0.945087207158	0.0965452594565	0.119955938438
S_MSA_17	Apr 29 19:10:41	Apr 29 19:11:57	Apr 29 19:16:09	200.83	14057906.0	200.0	12418976.0	88.34	197.91	6733958.0	6585902.0	6664126.0	55772.0	6089.0	7971.0	0.26	0.01	1.52	0.01	1.64	277344.0	1.97	18887.0	0.13	0.0	9.48	0.07	97.8013524884	98.9629872951	0.82822019383	0.0904223043862	0.118370206645
S_MSA_18	Apr 29 18:47:44	Apr 29 18:48:51	Apr 29 18:51:12	166.28	6512814.0	200.0	5761412.0	88.46	197.74	2747342.0	2647694.0	2724206.0	17572.0	2172.0	3392.0	0.27	0.01	1.54	0.01	1.44	119930.0	1.84	5603.0	0.09	0.0	9.58	0.03	96.3729306362	99.1578769589	0.639600020675	0.0790582315562	0.123464788876
S_MSA_19	Apr 29 18:36:49	Apr 29 18:37:11	Apr 29 18:38:25	98.43	2023212.0	200.0	1796521.0	88.8	198.4	2468.0	503.0	2258.0	165.0	5.0	40.0	0.24	0.01	2.0	0.01	1.81	60444.0	2.99	11294.0	0.56	0.0	6.65	1.01	20.3808752026	91.4910858995	6.68557536467	0.202593192869	1.62074554295
S_MSA_20	Apr 29 19:29:35	Apr 29 19:30:54	Apr 29 19:32:47	192.92	6055551.0	200.0	5312050.0	87.72	197.59	2419690.0	2347647.0	2391670.0	19498.0	2569.0	5953.0	0.28	0.01	1.57	0.01	1.5	114545.0	1.89	4832.0	0.08	0.0	10.26	0.05	97.0226351309	98.8420004215	0.805805702383	0.106170625163	0.246023250912
S_MSA_21	Apr 29 19:29:24	Apr 29 19:29:44	Apr 29 19:31:08	183.95	4292091.0	200.0	3820709.0	89.02	197.37	1741758.0	1709988.0	1724342.0	14613.0	1304.0	1499.0	0.3	0.02	1.63	0.01	1.5	84636.0	1.97	5973.0	0.14	0.0	8.82	0.05	98.1759808194	99.0000907129	0.838979927177	0.0748668873632	0.0860624725134
S_MSA_22	Apr 29 18:59:09	Apr 29 18:59:26	Apr 29 19:00:46	188.86	4196885.0	200.0	3710094.0	88.4	197.67	1511478.0	1472713.0	1495315.0	10982.0	376.0	4805.0	0.28	0.02	1.6	0.01	1.6	74756.0	1.78	3188.0	0.08	0.0	9.69	0.05	97.4352918137	98.9306493379	0.726573592206	0.0248763131187	0.317900756743
S_MSA_23	Apr 29 18:34:39	Apr 29 18:34:57	Apr 29 18:36:42	202.77	5914253.0	200.0	5283838.0	89.34	197.36	2067785.0	2019062.0	2047104.0	15180.0	3296.0	2205.0	0.32	0.01	1.65	0.01	1.52	129434.0	2.19	8210.0	0.14	0.0	8.27	0.06	97.6437105405	98.9998476631	0.734118875995	0.15939761629	0.106635844636
S_MSA_24	Apr 29 18:28:31	Apr 29 18:28:50	Apr 29 18:30:55	212.81	7389322.0	200.0	6692216.0	90.57	198.01	1850309.0	1781997.0	1830282.0	15519.0	1657.0	2851.0	0.28	0.01	1.65	0.01	1.48	141745.0	1.92	6667.0	0.09	0.0	7.37	0.06	96.3080761105	98.9176402428	0.838724775159	0.0895526098614	0.154082372188
S_MSA_25	Apr 29 18:58:18	Apr 29 18:58:36	Apr 29 18:58:37	8.82	2451.0	200.0	576.0	23.5	196.32	271.0	269.0	268.0	2.0	1.0	0.0	0.45	0.01	1.71	0.01	1.75	22.0	0.9	1.0	0.04	0.0	75.56	0.0	99.2619926199	98.8929889299	0.738007380074	0.369003690037	0.0
S_MSA_26	Apr 29 19:06:30	Apr 29 19:06:48	Apr 29 19:08:16	210.57	5147170.0	200.0	4683640.0	90.99	197.7	1550304.0	1508026.0	1535757.0	10690.0	1484.0	2373.0	0.3	0.02	1.62	0.01	1.49	92244.0	1.79	4977.0	0.1	0.0	7.06	0.05	97.272921956	99.0616679051	0.689542180114	0.0957231613929	0.153066753359
S_MSA_27	Apr 29 19:16:33	Apr 29 19:16:58	Apr 29 19:18:35	194.58	5242805.0	200.0	4649561.0	88.68	197.65	2258115.0	2195433.0	2233713.0	18979.0	2176.0	3247.0	0.28	0.01	1.61	0.01	1.53	89726.0	1.71	5396.0	0.1	0.0	9.46	0.04	97.2241449173	98.9193641599	0.840479780702	0.0963635598718	0.143792499496
S_MSA_28	Apr 29 18:46:35	Apr 29 18:47:16	Apr 29 18:49:21	140.02	4861867.0	200.0	4413457.0	90.78	197.79	2531686.0	2493635.0	2509239.0	18450.0	1975.0	2022.0	0.26	0.01	1.57	0.01	1.65	117961.0	2.43	8222.0	0.17	0.0	6.6	0.03	98.4970095028	99.1133576597	0.728763361649	0.0780112541603	0.0798677245124
S_MSA_29	Apr 29 18:44:32	Apr 29 18:45:07	Apr 29 18:46:05	114.07	1837821.0	200.0	1616494.0	87.96	198.13	3165.0	1317.0	2996.0	125.0	6.0	38.0	0.24	0.01	1.97	0.01	1.83	52093.0	2.83	10888.0	0.59	0.0	7.61	1.01	41.6113744076	94.6603475513	3.94944707741	0.189573459716	1.20063191153
S_MSA_30	Apr 29 19:05:25	Apr 29 19:05:46	Apr 29 19:06:57	186.96	3687230.0	200.0	3156431.0	85.6	197.27	1989159.0	1947860.0	1974637.0	10116.0	1012.0	3394.0	0.27	0.01	1.73	0.0	1.68	73122.0	1.98	1798.0	0.05	0.0	12.34	0.02	97.9237959359	99.2699427245	0.50855663122	0.0508757721228	0.170624872119
S_MSA_31	Apr 29 18:14:29	Apr 29 18:14:47	Apr 29 18:16:50	216.07	7382442.0	200.0	6648072.0	90.05	197.72	2825164.0	2761500.0	2795703.0	23349.0	3000.0	3112.0	0.28	0.01	1.64	0.01	1.5	146093.0	1.98	5089.0	0.07	0.0	7.82	0.08	97.7465379001	98.9571932815	0.826465295466	0.106188525693	0.110152897319
S_MSA_32	Apr 29 17:56:49	Apr 29 18:00:06	Apr 29 18:01:20	212.33	4364648.0	200.0	4031280.0	92.36	198.06	1288155.0	1251122.0	1275517.0	10174.0	958.0	1506.0	0.27	0.01	1.62	0.01	1.62	76823.0	1.76	3972.0	0.09	0.0	5.71	0.07	97.1251130493	99.0189068862	0.789811785072	0.0743699321898	0.116911396532
S_MSA_33	Apr 29 19:12:09	Apr 29 19:21:07	Apr 29 19:23:09	156.55	5305444.0	200.0	4761216.0	89.74	197.99	1278676.0	1230429.0	1262921.0	12834.0	1272.0	1649.0	0.28	0.01	1.58	0.01	1.54	96403.0	1.82	4176.0	0.08	0.0	8.3	0.06	96.2268002215	98.7678661365	1.00369444644	0.0994778974502	0.128961519572
S_MSA_34	Apr 29 18:16:57	Apr 29 18:17:17	Apr 29 18:18:35	211.21	4576321.0	200.0	4166721.0	91.05	197.92	1494944.0	1455857.0	1477415.0	13446.0	1628.0	2455.0	0.28	0.01	1.59	0.01	1.55	93152.0	2.04	7140.0	0.16	0.0	6.72	0.04	97.3853870112	98.8274477171	0.899431684398	0.108900400283	0.164220198215
S_MSA_35	Apr 29 19:12:31	Apr 29 19:12:49	Apr 29 19:14:18	150.21	3713471.0	200.0	3177709.0	85.57	197.63	1857118.0	1809856.0	1841415.0	12171.0	1437.0	2095.0	0.27	0.01	1.68	0.01	1.57	92366.0	2.49	4878.0	0.13	0.0	11.73	0.08	97.4550890143	99.1544425287	0.655370310341	0.0773779587511	0.112809202215
S_MSA_36	Apr 29 18:06:02	Apr 29 18:08:46	Apr 29 18:10:13	106.85	2582208.0	200.0	2269252.0	87.88	197.59	1106215.0	1083483.0	1096153.0	8092.0	906.0	1064.0	0.26	0.01	1.6	0.01	1.58	49524.0	1.92	2502.0	0.1	0.0	10.08	0.03	97.9450649286	99.0904119	0.731503369598	0.0819008962995	0.0961838340648
S_MSA_37	Apr 29 18:46:46	Apr 29 18:47:18	Apr 29 18:48:58	126.15	3504200.0	200.0	3167432.0	90.39	197.75	1320648.0	1288907.0	1308664.0	8573.0	1317.0	2094.0	0.27	0.01	1.53	0.01	1.46	65782.0	1.88	2766.0	0.08	0.0	7.63	0.03	97.5965586591	99.0925666794	0.649151022831	0.0997237719665	0.158558525815
